"","Country","Region","Population..000..2021.","Pop..density..per.km2..2021.","Capital.city","Capital.city.pop...000..2021.","UN.membership.date","Surface.area..km2.","Sex.ratio..m.per.100.f.","National.currency","Exchange.rate..per.US..","GDP..Gross.domestic.product..million.current.US..","GDP.growth.rate..annual....const..2015.prices.","GDP.per.capita..current.US..","Agricultural.production.index..2014.2016.100.","International.trade..exports..million.current.US..","International.trade..imports..million.current.US..","International.trade..balance..million.current.US..","Balance.of.payments..current.account..million.US..","Urban.population....of.total.population.","iso3c"
"1","Afghanistan","Southern Asia",39835,61,"Kabul",4114,"19-Nov-46","652864",105.3,"Afghani (AFN)",77.1,17877,4,469.9,111,"1022",9683,-8661,-3137,25.8,"AFG"
"2","Albania","Southern Europe",2873,104.9,"Tirana",484.6,"14-Dec-55","28748",103.6,"Lek (ALL)",100.8,15278,2.2,5303.2,103,NA,NA,NA,-1318,61.2,"ALB"
"3","Algeria","Northern Africa",44617,18.7,"Algiers",2729.3,"08-Oct-62","2381741",102.1,"Algerian Dinar (DZD)",132.1,171158,0.8,3975.5,112,"28986",41678,-12692,-17148,73.2,"DZA"
"4","American Samoa","Polynesia",55,275.5,"Pago Pago",48.5,NA,"199",NA,"US Dollar (USD)",NA,NA,NA,NA,NA,NA,NA,NA,NA,87.1,"ASM"
"5","Andorra","Southern Europe",77,164.6,"Andorra la Vella",22.6,"28-Jul-93","468",NA,"Euro (EUR)",0.8,3154,1.8,40887.4,NA,"165",1499,-1334,568,88,"AND"
"6","Angola","Middle Africa",33934,27.2,"Luanda",8044.7,"01-Dec-76","1246700",97.9,"Kwanza (AOA)",656.2,85001,-1.5,2670.9,110,"72235",40991,31244,894,66.2,"AGO"
"7","Anguilla","Caribbean",15,168.1,"The Valley",1.4,NA,"91",NA,"E. Caribbean Dollar (XCD)c",2.7,380,5.4,25528.6,NA,NA,NA,NA,-136,100,"AIA"
"8","Antigua and Barbuda","Caribbean",99,224.4,"Saint John's",20.8,"11-Nov-81","442",93.4,"E. Caribbean Dollar (XCD)c",2.7,1662,3.4,17112.8,93,"22",401,-380,-113,24.5,"ATG"
"9","Argentina","South America",45606,16.7,"Buenos Aires",15057.3,"24-Oct-45","2796427",95.3,"Argentine Peso (ARS)",84,449664,-2.2,10041.5,113,"54884",42356,12528,2985,92,"ARG"
"10","Armenia","Western Asia",2968,104.3,"Yerevan",1083.3,"02-Mar-92","29743",88.8,"Armenian Dram (AMD)",522.6,13673,7.6,4622.7,81,"2520",4541,-2021,-394,63.2,"ARM"
"11","Aruba","Caribbean",107,595.5,"Oranjestad",29.9,NA,"180",90.2,"Aruban Florin (AWG)",1.8,3293,-0.7,30974.7,NA,"66",939,-873,-324,43.5,"ABW"
"12","Australia","Oceania",25788,3.4,"Canberra",452.5,"01-Nov-45","7692024",99.2,"Australian Dollar (AUD)",1.3,1380208,-0.3,54763.2,89,NA,NA,NA,33829,NA,"AUS"
"13","Austria","Western Europe",9043,109.7,"Vienna",1915.3,"14-Dec-55","83878",97.4,"Euro (EUR)",0.8,445075,1.4,49700.8,100,"164332",162981,1351,10781,58.5,"AUT"
"14","Azerbaijan","Western Asia",10223,123.7,"Baku",2313.1,"02-Mar-92","86600",99.9,"Azerbaijan manat (AZN)",1.7,48048,2.2,4781.9,126,"13741",10730,3011,-228,NA,"AZE"
"15","Bahamas","Caribbean",397,39.7,"Nassau",279.7,"18-Sep-73","13940",94.6,"Bahamian Dollar (BSD)",1,13579,1.2,34863.7,101,"410",2790,-2380,-2065,83.1,"BHS"
"16","Bahrain","Western Asia",1748,2300.4,"Manama",600.4,"21-Sep-71","778",184.5,"Bahraini Dinar (BHD)",0.4,38574,1.8,23504,129,"14066",14193,-127,-2435,89.4,"BHR"
"17","Bangladesh","Southern Asia",166304,1277.6,"Dhaka",20283.6,"17-Sep-74","148460",102.1,"Taka (BDT)",84.8,301051,8.2,1846.4,109,"30768",45777,-15009,1082,37.4,"BGD"
"18","Barbados","Caribbean",288,669.1,"Bridgetown",89.2,"09-Dec-66","431",93.9,"Barbados Dollar (BBD)",2,5209,-0.1,18149,106,"345",1501,-1156,-453,31.2,"BRB"
"19","Belarus","Eastern Europe",9443,46.5,"Minsk",2016.7,"24-Oct-45","207600",87.2,"Belarusian Ruble (BYN)",2.6,63081,1.2,6673.5,101,"29040",32592,-3553,-241,79,"BLR"
"20","Belgium","Western Europe",11632,384.2,"Brussels",2065.3,"27-Dec-45","30528",98.4,"Euro (EUR)",0.8,533097,1.7,46198.3,102,"298313",301292,-2979,-933,98,"BEL"
"21","Belize","Central America",405,17.8,"Belmopan",23,"25-Sep-81","22965",98.8,"Belize Dollar (BZD)",2,1907,0.3,4815.2,99,"212",787,-575,-128,45.9,"BLZ"
"22","Benin","Western Africa",12451,110.4,"Porto-Novoc",285.3,"20-Sep-60","114763",99.8,"CFA Franc, BCEAO (XOF)d",534.6,14403,6.9,1220.5,119,"763",2551,-1788,-581,47.9,"BEN"
"23","Bermuda","Northern America",62,1241.8,"Hamilton",10.1,NA,"54",NA,"Bermudian Dollar (BMD)",1,7361,2.4,117767.9,NA,"19",904,-885,828,100,"BMU"
"24","Bhutan","Southern Asia",780,20.5,"Thimphu",203.3,"21-Sep-71","38394",113.7,"Ngultrum (BTN)",73,2564,3.8,3360.6,99,"584",922,-337,-381,41.6,"BTN"
"25","Bolivia (Plurinational State of)","South America",11833,10.9,"Sucred",277.9,"14-Nov-45","1098581",100.7,"Boliviano (BOB)",6.9,40895,2.2,3552.1,110,"7033",7115,-82,-176,69.8,"BOL"
"26","Bonaire, Sint Eustatius and Saba","Caribbean",26,80.6,"Kralendijk",11.3,NA,NA,NA,"US Dollar (USD)",NA,NA,NA,NA,NA,NA,NA,NA,NA,75,"BES"
"27","Bosnia and Herzegovina","Southern Europe",3264,64,"Sarajevo",342.7,"22-May-92","51209",95.9,"Convertible Mark (BAM)",1.6,20164,2.7,6108.6,105,"6149",9867,-3719,-635,48.6,"BIH"
"28","Botswana","Southern Africa",2397,4.2,"Gaborone",269.3,"17-Oct-66","582000",94.2,"Pula (BWP)",10.8,18341,3,7961.4,98,"4256",6503,-2247,-1397,70.2,"BWA"
"29","Brazil","South America",213993,25.6,"Brasilia",4559,"24-Oct-45","8515767",96.5,"Brazilian Real (BRL)",5.2,1847796,1.1,8755.3,110,NA,NA,NA,-24074,86.8,"BRA"
"30","British Virgin Islands","Caribbean",30,202.8,"Road Town",15.1,NA,"151",NA,"US Dollar (USD)",NA,1297,2.6,43188.6,NA,NA,NA,NA,NA,48.1,"VGB"
"31","Brunei Darussalam","South-eastern Asia",442,83.8,"Bandar Seri Begawan",40.8,"21-Sep-84","5765",107.7,"Brunei Dollar (BND)",1.3,13469,3.9,31086.3,97,"7113",7236,-124,514,77.9,"BRN"
"32","Bulgaria","Eastern Europe",6897,63.5,"Sofia",1276.9,"14-Dec-55","110372",94.4,"Bulgarian Lev (BGN)",1.6,67926,3.4,9703.5,106,"31801",34880,-3079,-538,75.3,"BGR"
"33","Burkina Faso","Western Africa",21497,78.6,"Ouagadougou",2652.7,"20-Sep-60","272967",100,"CFA Franc, BCEAO (XOF)c",534.6,15991,5.7,786.9,107,"3269",4150,-882,-524,30,"BFA"
"34","Burundi","Eastern Africa",12255,477.2,"Gitega",899,"18-Sep-62","27834",98.5,"Burundi Franc (BIF)",1946.4,3002,1.8,260.4,150,"164",878,-713,-363,13.4,"BDI"
"35","Cabo Verde","Western Africa",562,139.4,"Praia",167.5,"16-Sep-75","4033",100.8,"Cabo Verde Escudo (CVE)",89.8,1982,5.7,3603.8,80,"53",727,-674,-274,66.2,"CPV"
"36","Cambodia","South-eastern Asia",16946,96,"Phnom Penh",2014,"14-Dec-55","181035",95.4,"Riel (KHR)",4076.5,27098,6.8,1643.6,121,"17543",18696,-1153,-3076,23.8,"KHM"
"37","Cameroon","Middle Africa",27224,57.6,"Yaoundé",3822.4,"20-Sep-60","475650",100.1,"CFA Franc, BEAC (XAF)c",534.6,38861,3.9,1501.8,107,"4437",7452,-3014,-1695,57,"CMR"
"38","Canada","Northern America",38068,4.2,"Ottawa",1378.2,"09-Nov-45","9984670",98.6,"Canadian Dollar (CAD)",1.3,1741497,1.9,46550.3,111,NA,NA,NA,-29722,81.5,"CAN"
"39","Cayman Islands","Caribbean",66,277.1,"George Town",34.9,NA,"264",NA,"Cayman Islands Dollar (KYD)",0.8,6020,3.2,92692.4,NA,NA,1337,NA,-582,100,"CYM"
"40","Central African Republic","Middle Africa",4920,7.9,"Bangui",869.6,"20-Sep-60","622984",98.3,"CFA Franc, BEAC (XAF)c",534.6,2220,3,467.9,106,"73",75,-2,NA,41.8,"CAF"
"41","Chad","Middle Africa",16915,13.4,"N'Djamena",1371.5,"20-Sep-60","1284000",99.7,"CFA Franc, BEAC (XAF)c",534.6,11272,3,706.8,118,NA,NA,NA,NA,23.3,"TCD"
"42","Channel Islands","Northern Europe",175,922.3,"Saint Heliere",34.4,NA,"180",98.1,"Pound Sterling (GBP)",0.8,NA,NA,NA,NA,NA,NA,NA,NA,NA,NA
"43","Chile","South America",19212,25.8,"Santiago",6723.5,"24-Oct-45","756102",97.3,"Chilean Peso (CLP)",729,282318,1.1,14896.5,103,"59804",59367,438,3370,87.6,"CHL"
"44","China","Eastern Asia",1444216,153.8,"Beijing",20035.5,"24-Oct-45","9600000",105.2,"Yuan Renminbi (CNY)",6.5,NA,NA,NA,NA,NA,NA,NA,NA,NA,"CHN"
"45","China, Hong Kong SAR","Eastern Asia",7553,7193.1,"Hong Kong",7490.8,NA,"1107",84.5,"Hong Kong Dollar (HKD)",7.8,365711,-1.2,49180.1,138,"551516",573061,-21546,22666,100,"HKG"
"46","China, Macao SAR","Eastern Asia",658,22019.8,"Macao",642.1,NA,"33",92.6,"Pataca (MOP)",8,53859,-4.7,84096.7,82,"1025",11950,-10926,18556,100,"MAC"
"47","Colombia","South America",51266,46.2,"Bogota",10779.4,"05-Nov-45","1141748",96.5,"Colombian Peso (COP)",3444.9,323803,3.3,6432.4,133,"31057",43483,-12426,-9326,81.1,"COL"
"48","Comoros","Eastern Africa",888,477.4,"Moroni",62.4,"12-Nov-75","2235",101.8,"Comorian Franc (KMF)",400.9,1166,3.2,1370.1,100,"46",178,-133,-37,29.2,"COM"
"49","Congo","Middle Africa",5657,16.6,"Brazzaville",2308.1,"20-Sep-60","342000",99.9,"CFA Franc, BEAC (XAF)c",534.6,12397,-0.9,2304.1,107,"3046",321,2725,-3594,67.4,"COG"
"50","Cook Islands","Polynesia",18,73.2,"Avarua",13.1,NA,"236",NA,"New Zealand Dollar (NZD)",1.4,379,4.8,21603.5,79,"19",105,-85,NA,75.3,"COK"
"51","Costa Rica","Central America",5139,100.6,"San José",1378.5,"02-Nov-45","51100",99.8,"Costa Rican Colon (CRC)",613.9,61774,2.1,12238.4,107,"12011",13965,-1954,-1289,80.1,"CRI"
"52","Croatia","Southern Europe",4082,72.9,"Zagreb",685.2,"22-May-92","56594",93.2,"Kuna (HRK)",6.1,60415,2.9,14627.3,80,"16965",25987,-9021,-532,57.2,"HRV"
"53","Cuba","Caribbean",11318,106.3,"Havana",2138.4,"24-Oct-45","109884",98.6,"Cuban Peso (CUP)c",1,105355,2,9295.9,88,NA,NA,NA,NA,77.1,"CUB"
"54","Curaçao","Caribbean",165,371.2,"Willemstad",144,NA,"444",85.3,"Neth. Ant. Guilder (ANG)c",1.8,3102,-3.4,18980,NA,NA,NA,NA,-539,89.1,"CUW"
"55","Cyprus","Western Asia",1216,131.6,"Nicosia",269.5,"20-Sep-60","9251",99.9,"Euro (EUR)",0.8,NA,NA,NA,106,"2741",7504,-4763,-2850,NA,"CYP"
"56","Czechia","Eastern Europe",10725,138.8,"Prague",1298.8,"19-Jan-93","78871",97.1,"Czech Koruna (CZK)",21.4,250681,2.3,23451.7,93,"192305",170678,21627,8845,73.9,"CZE"
"57","Côte d’Ivoire","Western Africa",27054,85.1,"Yamoussoukroc",231.1,"20-Sep-60","322462",101.6,"CFA Franc, BCEAO (XOF)d",534.6,58540,6.2,2276.3,114,"12181",10482,1699,-1349,51.2,"CIV"
"58","Democratic People's Republic of Korea","Eastern Asia",25887,215,"Pyongyang",3060.9,"17-Sep-91","120538",95.7,"North Korean Won (KPW)",103,16331,0.4,639.6,102,NA,NA,NA,NA,62.1,"PRK"
"59","Democratic Republic of the Congo","Middle Africa",92378,40.7,"Kinshasa",13743.3,"20-Sep-60","2344858",99.7,"Congolese Franc (CDF)",1971.8,47320,4.4,545.2,110,"14122",6663,7459,-1095,45,"COD"
"60","Denmark","Northern Europe",5813,137,"Copenhagen",1333.9,"24-Oct-45","42934",98.8,"Danish Krone (DKK)",6.1,350104,2.8,60656.9,101,"107224",96791,10433,26023,88,"DNK"
"61","Djibouti","Eastern Africa",1002,43.2,"Djibouti",568.8,"20-Sep-77","23200",110.4,"Djibouti Franc (DJF)",177.7,3166,7.7,3252.3,126,NA,NA,NA,448,77.9,"DJI"
"62","Dominica","Caribbean",72,96.2,"Roseau",14.9,"18-Dec-78","750",NA,"E. Caribbean Dollar (XCD)c",2.7,582,3.6,8110.5,99,"14",197,-183,-225,70.8,"DMA"
"63","Dominican Republic","Caribbean",10954,226.7,"Santo Domingo",3245,"24-Oct-45","48671",99.7,"Dominican Peso (DOP)",58.3,88941,5.1,8282.1,118,NA,NA,NA,-1541,81.8,"DOM"
"64","Ecuador","South America",17888,72,"Quito",1847.7,"21-Dec-45","257217",100,"US Dollar (USD)",NA,107436,0.1,6183.8,98,"20224",16140,4084,2474,64,"ECU"
"65","Egypt","Northern Africa",104258,104.7,"Cairo",20485,"24-Oct-45","1002000",102.1,"Egyptian Pound (EGP)",15.7,317359,5.6,3161.3,102,NA,NA,NA,-14236,42.7,"EGY"
"66","El Salvador","Central America",6518,314.6,"San Salvador",1105.7,"24-Oct-45","21041",87.9,"US Dollar (USD)",NA,27023,2.4,4187.2,100,"5030",10594,-5564,121,72.7,"SLV"
"67","Equatorial Guinea","Middle Africa",1450,51.7,"Malabo",296.8,"12-Nov-68","28052",125.4,"CFA Franc, BEAC (XAF)c",534.6,11025,-5.6,8130.4,109,NA,NA,NA,NA,72.6,"GNQ"
"68","Eritrea","Eastern Africa",3602,35.7,"Asmara",928.8,"28-May-93","121144",100.5,"Nakfa (ERN)",15.1,1982,3.8,566.7,102,NA,NA,NA,NA,40.7,"ERI"
"69","Estonia","Northern Europe",1325,31.3,"Tallinn",441.3,"17-Sep-91","45261",90.3,"Euro (EUR)",0.8,31471,5,23740.2,107,NA,NA,NA,-244,69.1,"EST"
"70","Eswatini","Southern Africa",1172,68.2,"Mbabanec",68,"24-Sep-68","17363",97,"Lilangeni (SZL)",14.6,4594,1.1,4001.6,101,"2248",2076,172,255,24,"SWZ"
"71","Ethiopia","Eastern Africa",117876,117.9,"Addis Ababa",4592,"13-Nov-45","1104300",100.1,"Ethiopian Birr (ETB)",39.2,92750,8.3,827.5,108,"2265",4509,-2244,-2719,21.2,"ETH"
"72","Falkland Islands (Malvinas)","South America",4,0.3,"Stanley",2.3,NA,"12173",NA,"Falkland Islands Pound (FKP)",NA,NA,NA,NA,NA,NA,NA,NA,NA,NA,"FLK"
"73","Faroe Islands","Northern Europe",49,35.1,"Tórshavn",20.8,NA,"1393",NA,"Danish Krone (DKK)",6.1,NA,NA,NA,96,NA,NA,NA,NA,42.2,"FRO"
"74","Fiji","Melanesia",903,49.4,"Suva",178.3,"13-Oct-70","18272",102.5,"Fiji Dollar (FJD)",2,5504,0.5,6185.1,114,"771",1901,-1130,-602,56.8,"FJI"
"75","Finland","Northern Europe",5548,18.3,"Helsinki",1292.2,"14-Dec-55","336872",97.4,"Euro (EUR)",0.8,269296,1.1,48678.4,102,"65600",67878,-2279,2342,NA,"FIN"
"76","France","Western Europe",65426,119.5,"Paris",10958.2,"24-Oct-45","551500",93.8,"Euro (EUR)",0.8,NA,NA,NA,98,"488562",582775,-94213,-48911,80.7,"FRA"
"77","French Guiana","South America",306,3.7,"Cayenne",57.5,NA,"83534",98,"Euro (EUR)",0.8,NA,NA,NA,NA,NA,NA,NA,NA,85.6,"GUF"
"78","French Polynesia","Polynesia",282,77.2,"Papeete",136,NA,"3687",102.5,"CFP Franc (XPF)d",97.2,6023,2.4,21566.9,97,"71",1701,-1630,412,61.9,"PYF"
"79","Gabon","Middle Africa",2279,8.8,"Libreville",823.9,"20-Sep-60","267668",103.6,"CFA Franc, BEAC (XAF)c",534.6,16888,3.6,7773.2,107,NA,NA,NA,NA,89.7,"GAB"
"80","Gambia","Western Africa",2487,245.7,"Banjul",443.4,"21-Sep-65","11295",98.4,"Dalasi (GMD)",51.6,1823,6.1,776.4,92,"26",553,-527,-79,61.9,"GMB"
"81","Georgia","Western Asia",3980,57.3,"Tbilisi",1077.3,"31-Jul-92","69700",91,"Lari (GEL)",3.3,17743,5.1,4439.3,105,"3342",8031,-4689,-1965,NA,"GEO"
"82","Germany","Western Europe",83900,240.7,"Berlin",3556.8,"18-Sep-73","357582",97.9,"Euro (EUR)",0.8,3861124,0.6,46231.6,94,"1382851",1171421,211430,266326,77.4,"DEU"
"83","Ghana","Western Africa",31732,139.5,"Accra",2475.2,"08-Mar-57","238537",102.8,"Ghana Cedi (GHS)",5.8,66999,6.5,2202.6,118,NA,NA,NA,-1864,56.7,"GHA"
"84","Gibraltar","Southern Europe",34,3369.1,"Gibraltar",34.7,NA,"6",NA,"Gibraltar Pound (GIP)",0.8,NA,NA,NA,NA,NA,NA,NA,NA,100,"GIB"
"85","Greece","Southern Europe",10371,80.5,"Athens",3154.2,"25-Oct-45","131957",96.4,"Euro (EUR)",0.8,205327,1.9,19604.5,74,"35070",55534,-20463,-12618,79.4,"GRC"
"86","Greenland","Northern America",57,0.1,"Nuuk",18.4,NA,"2166086",NA,"Danish Krone (DKK)",6.1,3024,2.8,53352.6,NA,"748",791,-43,NA,87.1,"GRL"
"87","Grenada","Caribbean",113,332.4,"Saint George's",39.3,"17-Sep-74","345",101.4,"E. Caribbean Dollar (XCD)c",2.7,1212,2,10817.7,85,"25",395,-370,-116,36.4,"GRD"
"88","Guadeloupe","Caribbean",400,245.7,"Basse-Terre",58.4,NA,"1639",85.5,"Euro (EUR)",0.8,NA,NA,NA,NA,NA,NA,NA,NA,NA,"GLP"
"89","Guam","Micronesia",170,315.2,"Hagåtña",146.9,NA,"541",101.7,"US Dollar (USD)",NA,NA,NA,NA,NA,NA,NA,NA,NA,94.9,"GUM"
"90","Guatemala","Central America",18250,170.3,"Guatemala City",2891.2,"21-Nov-45","108889",97.2,"Quetzal (GTQ)",7.8,76710,3.8,4363.1,106,"11658",18198,-6539,4249,51.4,"GTM"
"91","Guinea","Western Africa",13497,54.9,"Conakry",1889.2,"12-Dec-58","245836",94,"Guinean Franc (GNF)",9400.8,12354,5.6,967.4,125,"3167",3389,-222,-315,36.5,"GIN"
"92","Guinea-Bissau","Western Africa",2016,71.7,"Bissau",578.8,"17-Sep-74","36125",95.9,"CFA Franc, BCEAO (XOF)c",534.6,1322,4.5,688.4,107,NA,NA,NA,-127,43.8,"GNB"
"93","Guyana","South America",790,4,"Georgetown",109.9,"20-Sep-66","214969",101.3,"Guyana Dollar (GYD)",208.5,5174,5.4,6609.6,132,"2814",2494,320,-1696,26.7,"GUY"
"94","Haiti","Caribbean",11542,418.8,"Port-au-Prince",2704.2,"24-Oct-45","27750",97.4,"Gourde (HTG)",72.2,8051,-0.9,714.8,92,NA,NA,NA,72,56.2,"HTI"
"95","Holy See","Southern Europe",1,1845.5,"Vatican City",0.8,NA,"~0",NA,"Euro (EUR)",0.8,NA,NA,NA,NA,NA,NA,NA,NA,100,"VAT"
"96","Honduras","Central America",10063,89.9,"Tegucigalpa",1403.2,"17-Dec-45","112492",99.9,"Lempira (HNL)",24.1,25095,2.7,2574.9,116,"3110",7921,-4811,694,57.7,"HND"
"97","Hungary","Eastern Europe",9634,106.4,"Budapest",1763.9,"14-Dec-55","93023",90.9,"Forint (HUF)",297.4,163469,4.6,16879.1,97,"119391",112624,6767,167,71.6,"HUN"
"98","Iceland","Northern Europe",343,3.4,"Reykjavik",216.4,"19-Nov-46","103000",101,"Iceland Krona (ISK)",127.2,24188,1.9,71344.6,107,"4560",5671,-1111,244,93.9,"ISL"
"99","India","Southern Asia",1393409,468.7,"New Delhi",29399.1,"30-Oct-45","3287263",108.1,"Indian Rupee (INR)",73,2891582,4.2,2116.2,114,"275489",367980,-92492,33007,34.5,"IND"
"100","Indonesia","South-eastern Asia",276362,152.6,"Jakarta",10638.7,"28-Sep-50","1910931",101.4,"Rupiah (IDR)",14105,1119191,5,4135.6,117,NA,NA,NA,-4341,56,"IDN"
"101","Iran (Islamic Republic of)","Southern Asia",85029,52.2,"Tehran",9013.7,"24-Oct-45","1628777",101.9,"Iranian Rial (IRR)",42000,603780,-6.5,7282,96,NA,NA,NA,NA,75.4,"IRN"
"102","Iraq","Western Asia",41179,94.8,"Baghdad",6974.4,"21-Dec-45","435052",102.5,"Iraqi Dinar (IQD)",1450,225232,4.4,5729.7,120,"2582",27611,-25029,-6197,70.7,"IRQ"
"103","Ireland","Northern Europe",4983,72.3,"Dublin",1214.7,"14-Dec-55","69825",98.7,"Euro (EUR)",0.8,398590,5.6,81636.6,113,"184131",98389,85742,-44934,63.4,"IRL"
"104","Isle of Man","Northern Europe",85,149.8,"Douglas",27.2,NA,"572",NA,"Pound Sterling (GBP)",0.8,NA,NA,NA,NA,NA,NA,NA,NA,52.7,"IMN"
"105","Israel","Western Asia",8790,406.2,"Jerusalemc",919.4,"11-May-49","22072",99.2,"New Israeli Sheqel (ILS)",3.2,395099,3.5,46376.5,95,"49761",70162,-20401,24350,92.5,"ISR"
"106","Italy","Southern Europe",60368,205.2,"Rome",4234,"14-Dec-55","302069",95,"Euro (EUR)",0.8,2003576,0.3,33089.6,98,"495977",422648,73329,69735,70.7,"ITA"
"107","Jamaica","Caribbean",2974,274.6,"Kingston",589.8,"18-Sep-62","10990",98.5,"Jamaican Dollar (JMD)",141.7,15831,0.9,5369.5,105,"1190",4651,-3461,-35,56,"JAM"
"108","Japan","Eastern Asia",126051,345.8,"Tokyo",37435.2,"18-Dec-56","377930",95.4,"Yen (JPY)",103.6,5082466,0.7,40063.5,100,"641283",635402,5880,164497,91.7,"JPN"
"109","Jordan","Western Asia",10269,115.7,"Amman",2108.5,"14-Dec-55","89318",102.6,"Jordanian Dinar (JOD)",0.7,44503,2,4405.5,95,"7646",16889,-9242,-1003,91.2,"JOR"
"110","Kazakhstan","Central Asia",18995,7,"Nur-Sultan",1117.6,"02-Mar-92","2724902",94.4,"Tenge (KZT)",420.9,181667,4.5,9792.6,111,"44929",37855,7074,-6273,57.5,"KAZ"
"111","Kenya","Eastern Africa",54986,96.6,"Nairobi",4556.4,"16-Dec-63","591958",98.8,"Kenyan Shilling (KES)",109.2,95502,5.4,1816.5,111,"6023",15405,-9382,-5559,27.5,"KEN"
"112","Kiribati","Micronesia",121,149.9,"Bairiki",3.2,"14-Sep-99","726",96.8,"Australian Dollar (AUD)",1.3,195,2.3,1656.9,93,"4",123,-119,87,54.8,"KIR"
"113","Kuwait","Western Asia",4329,242.9,"Kuwait City",3052.5,"14-May-63","17818",158.5,"Kuwaiti Dinar (KWD)",0.3,134624,0.4,31999.3,132,"72958",37506,35452,33811,100,"KWT"
"114","Kyrgyzstan","Central Asia",6628,34.6,"Bishkek",1017.2,"02-Mar-92","199949",97.9,"Som (KGS)",82.6,8455,4.5,1317.8,110,"1864",3387,-1523,-1067,36.6,"KGZ"
"115","Lao People's Democratic Republic","South-eastern Asia",7379,32,"Vientiane",673.1,"14-Dec-55","236800",100.8,"Lao Kip (LAK)",9274,18823,4.7,2625.4,102,"5669",6309,-639,-947,35.6,"LAO"
"116","Latvia","Northern Europe",1867,30,"Riga",633.8,"17-Sep-91","64573",85.6,"Euro (EUR)",0.8,34103,2.1,17885.4,104,"15154",17334,-2181,1004,68.2,"LVA"
"117","Lebanon","Western Asia",6769,661.7,"Beirut",2406.9,"24-Oct-45","10452",101.5,"Lebanese Pound (LBP)",1507.5,53367,-5.6,7784.3,101,"3468",15472,-12004,-11540,88.8,"LBN"
"118","Lesotho","Southern Africa",2159,71.1,"Maseru",201.9,"17-Oct-66","30355",97.5,"Loti (LSL)",14.6,2460,1.5,1157.5,96,"2250",1500,750,-52,28.6,"LSO"
"119","Liberia","Western Africa",5180,53.8,"Monrovia",1467,"02-Nov-45","111369",101.2,"Liberian Dollar (LRD)",164.2,2582,-2.3,523,92,NA,NA,NA,-653,51.6,"LBR"
"120","Libya","Northern Africa",6958,4,"Tripoli",1160.9,"14-Dec-55","1676198",101.9,"Libyan Dinar (LYD)",1.4,32600,9.9,4810.1,102,"66843",28468,38375,11276,80.4,"LBY"
"121","Liechtenstein","Western Europe",38,239.1,"Vaduz",5.5,"18-Sep-90","160",NA,"Swiss Franc (CHF)",0.9,6798,0.6,178799.4,NA,NA,NA,NA,NA,14.4,"LIE"
"122","Lithuania","Northern Europe",2690,42.9,"Vilnius",537.6,"17-Sep-91","65286",86.2,"Euro (EUR)",0.8,54627,4.3,19795.2,94,"32753",33125,-372,4700,67.9,"LTU"
"123","Luxembourg","Western Europe",635,245.1,"Luxembourg",119.8,"24-Oct-45","2586",102.4,"Euro (EUR)",0.8,71105,2.3,115480.9,111,"13442",20610,-7167,2999,91.2,"LUX"
"124","Madagascar","Eastern Africa",28427,48.9,"Antananarivo",3210.4,"20-Sep-60","587041",99.6,"Malagasy Ariary (MGA)",3824.8,14105,4.4,523,104,"2005",2968,-963,-331,37.9,"MDG"
"125","Malawi","Eastern Africa",19648,208.4,"Lilongwe",1074.7,"01-Dec-64","117726",97.3,"Malawi Kwacha (MWK)",773.1,8099,5.2,434.8,129,"632",2406,-1775,-1837,17.2,"MWI"
"126","Malaysia","South-eastern Asia",32776,99.8,"Kuala Lumpurd",7780.3,"17-Sep-57","330621",105.6,"Malaysian Ringgit (MYR)",4,364684,4.3,11414.3,105,"234042",189804,44238,14848,NA,"MYS"
"127","Maldives","Southern Asia",544,1812.1,"Male",176.9,"21-Sep-65","300",171.3,"Rufiyaa (MVR)",15.4,5642,7,10626.5,105,"149",1809,-1661,-1119,40.2,"MDV"
"128","Mali","Western Africa",20856,17.1,"Bamako",2529.3,"28-Sep-60","1240192",100.5,"CFA Franc, BCEAO (XOF)c",534.6,17433,6.6,886.8,121,"578",10593,-10015,-836,43.1,"MLI"
"129","Malta","Southern Europe",443,1383.7,"Valletta",212.8,"01-Dec-64","1565",100.7,"Euro (EUR)",0.8,14864,4.7,33752.4,71,"3514",5783,-2269,-576,94.7,"MLT"
"130","Marshall Islands","Micronesia",60,331.2,"Majuro",30.7,"17-Sep-91","181",NA,"US Dollar (USD)",NA,237,5.3,4038.2,75,NA,NA,NA,53,77.4,"MHL"
"131","Martinique","Caribbean",375,353.5,"Fort-de-France",79.4,NA,"1090",85,"Euro (EUR)",0.8,NA,NA,NA,NA,NA,NA,NA,NA,89.1,"MTQ"
"132","Mauritania","Western Africa",4775,4.6,"Nouakchott",1259,"27-Oct-61","1030700",100.9,"Ouguiya (MRU)",36.7,7594,5.9,1677.9,109,"2700",3937,-1237,-831,54.5,"MRT"
"133","Mauritius","Eastern Africa",1273,627.3,"Port Louis",149.4,"24-Apr-68","1979",97.2,"Mauritius Rupee (MUR)",39.5,14180,3.6,11168.6,94,"1544",4224,-2680,-756,NA,"MUS"
"134","Mayotte","Eastern Africa",280,745.4,"Mamoudzou",6.2,NA,NA,96.8,"Euro (EUR)",0.8,NA,NA,NA,NA,NA,NA,NA,NA,45.9,"MYT"
"135","Mexico","Central America",130262,67,"Mexico City",21671.9,"07-Nov-45","1964375",95.8,"Mexican Peso (MXN)",20,1256441,-0.3,9848.6,113,NA,NA,NA,26571,80.4,"MEX"
"136","Micronesia (Federated States of)","Micronesia",116,166.1,"Palikir",7,"17-Sep-91","702",103.4,"US Dollar (USD)",NA,414,1.2,3640.4,102,"34",189,-155,NA,22.8,"FSM"
"137","Monaco","Western Europe",40,26523.5,"Monaco",38.9,"28-May-93","2",NA,"Euro (EUR)",0.8,7424,7.6,190532.5,NA,NA,NA,NA,NA,100,"MCO"
"138","Mongolia","Eastern Asia",3329,2.1,"Ulaanbaatar",1552.7,"27-Oct-61","1564116",97,"Tugrik (MNT)",2849.9,13853,4.9,4295.2,140,"7576",5294,2282,-675,68.5,"MNG"
"139","Montenegro","Southern Europe",628,46.7,"Podgorica",177.2,"28-Jun-06","13812",97.8,"Euro (EUR)",0.8,5542,4.1,8825.3,102,"410",2394,-1984,-1235,67.2,"MNE"
"140","Montserrat","Caribbean",5,49.8,"Brades Estate",0.5,NA,"103",NA,"E. Caribbean Dollar (XCD)c",2.7,67,5.9,13487.5,NA,"5",NA,-25,-1,9.1,"MSR"
"141","Morocco","Northern Africa",37345,83.7,"Rabat",1864.9,"12-Nov-56","446550",98.6,"Moroccan Dirham (MAD)",8.9,NA,NA,NA,111,"26965",43280,-16315,-1633,63,"MAR"
"142","Mozambique","Eastern Africa",32163,40.9,"Maputo",1104.3,"16-Sep-75","799380",94.6,"Mozambique Metical (MZN)",74.9,15297,2.3,503.7,125,"6651",10080,-3429,-3813,36.5,"MOZ"
"143","Myanmar","South-eastern Asia",54806,83.9,"Nay Pyi Taw",546.5,"19-Apr-48","676577",93,"Kyat (MMK)",1329.1,76785,2.9,1420.7,108,"16929",17964,-1035,68,30.9,"MMR"
"144","Namibia","Southern Africa",2587,3.1,"Windhoek",417.4,"23-Apr-90","824116",94.1,"Namibia Dollar (NAD)",14.6,12366,-1.1,4957.4,100,"5600",6823,-1223,180,51,"NAM"
"145","Nauru","Micronesia",11,543.6,"Yaren",11.3,"14-Sep-99","21",NA,"Australian Dollar (AUD)",1.3,133,1,12350.9,101,NA,NA,NA,8,100,"NRU"
"146","Nepal","Southern Asia",29675,207,"Kathmandu",1376.1,"14-Dec-55","147181",85.5,"Nepalese Rupee (NPR)",117.8,30715,7,1073.6,113,NA,NA,NA,-65,20.2,"NPL"
"147","Netherlands","Western Europe",17173,509.3,"Amsterdamc",1140.3,"10-Dec-45","41543",99.4,"Euro (EUR)",0.8,907051,1.7,53052.8,100,"551598",482764,68834,71062,91.9,"NLD"
"148","New Caledonia","Melanesia",288,15.8,"Nouméa",197.8,NA,"19100",100.9,"CFP Franc (XPF)c",97.2,9880,1.6,34941.5,100,"1634",2599,-965,-654,71.1,"NCL"
"149","New Zealand","Oceania",4861,18.5,"Wellington",413,"24-Oct-45","268107",96.6,"New Zealand Dollar (NZD)",1.4,206936,1.5,43229.3,101,"38877",37098,1779,-1886,86.6,"NZL"
"150","Nicaragua","Central America",6702,55.7,"Managua",1055.5,"24-Oct-45","130374",97.2,"Cordoba Oro (NIO)",34.8,12521,-3.9,1912.9,118,"4965",5424,-459,958,58.8,"NIC"
"151","Niger","Western Africa",25131,19.8,"Niamey",1251.5,"20-Sep-60","1267000",101.2,"CFA Franc, BCEAO (XOF)c",534.6,12928,5.8,554.6,120,"3068",743,2324,-1572,16.5,"NER"
"152","Nigeria","Western Africa",211401,232.1,"Abuja",3095.1,"07-Oct-60","923768",102.8,"Naira (NGN)",381,474517,2.2,2361.2,107,"91933",108104,-16171,-16976,51.2,"NGA"
"153","Niue","Polynesia",2,6.2,"Alofi",0.7,NA,"260",NA,"New Zealand Dollar (NZD)",1.4,NA,NA,NA,94,NA,NA,NA,NA,45.5,"NIU"
"154","Northern Mariana Islands","Micronesia",58,125.9,"Garapan",4,NA,"457",NA,"US Dollar (USD)",NA,NA,NA,NA,NA,NA,NA,NA,NA,91.7,"MNP"
"155","Norway","Northern Europe",5466,15,"Oslo",1026.8,"27-Nov-45","323772",102.3,"Norwegian Krone (NOK)",8.5,403336,1.2,74985.5,102,"82665",81304,1361,7185,NA,"NOR"
"156","Oman","Western Asia",5223,16.9,"Muscat",1501.6,"07-Oct-71","309980",193.5,"Rial Omani (OMR)",0.4,76332,-0.8,15343.1,133,"29870",21123,8748,-4140,85.4,"OMN"
"157","Pakistan","Southern Asia",225200,292.1,"Islamabad",1095.1,"30-Sep-47","796095",106,"Pakistan Rupee (PKR)",159.6,256996,3.3,1186.7,118,"22237",45775,-23538,245,36.9,"PAK"
"158","Palau","Micronesia",18,39.5,"Melekeok",11.4,"15-Dec-94","459",NA,"US Dollar (USD)",NA,280,0.3,15572.5,NA,NA,NA,NA,-52,80.5,"PLW"
"159","Panama","Central America",4382,58.9,"Panama City",1821.7,"13-Nov-45","75320",100.2,"Balboa (PAB)",1,66788,3,15728,104,NA,NA,NA,1233,68.1,"PAN"
"160","Papua New Guinea","Melanesia",9119,20.1,"Port Moresby",374.5,"10-Oct-75","462840",104.4,"Kina (PGK)",3.5,24970,6.5,2845.2,106,NA,NA,NA,5451,13.2,"PNG"
"161","Paraguay","South America",7220,18.2,"Asunción",3279.2,"24-Oct-45","406752",103.2,"Guarani (PYG)",6916.8,38087,0.2,5406.5,102,"8181",9927,-1746,738,61.9,"PRY"
"162","Peru","South America",33359,26.1,"Lima",10554.7,"31-Oct-45","1285216",98.7,"Sol (PEN)",3.3,226850,2.2,6977.8,117,"35887",22009,13878,-3531,78.1,"PER"
"163","Philippines","South-eastern Asia",111047,372.4,"Manila",13698.9,"24-Oct-45","300000",100.8,"Philippine Piso (PHP)",48,359354,5.9,3323.8,104,"63901",90692,-26791,12979,47.1,"PHL"
"164","Poland","Eastern Europe",37797,123.4,"Warsaw",1775.9,"24-Oct-45","312679",94,"Zloty (PLN)",3.8,595862,4.5,15727,103,"254169",254660,-491,21067,60,"POL"
"165","Portugal","Southern Europe",10168,111,"Lisbon",2942.1,"14-Dec-55","92226",89.8,"Euro (EUR)",0.8,238785,2.2,23350.4,109,"61529",77594,-16065,-2607,65.8,"PRT"
"166","Puerto Rico","Caribbean",2828,318.9,"San Juan",2451.4,NA,"8868",89.9,"US Dollar (USD)",NA,104989,1.2,35790.7,94,NA,NA,NA,NA,93.6,"PRI"
"167","Qatar","Western Asia",2930,252.4,"Doha",637.3,"21-Sep-71","11627",299.3,"Qatari Rial (QAR)",3.6,183466,-0.2,64781.7,119,"51504",25835,25669,-3617,99.2,"QAT"
"168","Republic of Korea","Eastern Asia",51305,527.7,"Seoul",9962.4,"17-Sep-91","100340",100.2,"South Korean Won (KRW)",1088,1646539,2,32143.1,100,"512710",467498,45212,75276,81.4,"KOR"
"169","Republic of Moldova","Eastern Europe",4024,122.5,"Chisinau",504.3,"02-Mar-92","33846",91.8,"Moldovan Leu (MDL)",17.2,11955,3.5,2956.9,118,"2485",5416,-2931,-796,NA,"MDA"
"170","Romania","Eastern Europe",19128,83.1,"Bucharest",1812.3,"14-Dec-55","238391",94.6,"Romanian Leu (RON)",4,250076,4.1,12914.1,113,"71046",92056,-21010,-13138,54.1,"ROU"
"171","Russian Federation","Eastern Europe",145912,8.9,"Moscow",12476.2,"24-Oct-45","17098246",86.4,"Russian Ruble (RUB)",73.9,1692930,1.3,11605.6,110,NA,NA,NA,33949,74.6,"RUS"
"172","Rwanda","Eastern Africa",13276,538.2,"Kigali",1094.8,"18-Sep-62","26338",96.7,"Rwanda Franc (RWF)",972.5,10355,9.4,820.1,123,"1629",3595,-1966,-1254,17.3,"RWA"
"173","Réunion","Eastern Africa",902,360.7,"Saint-Denis",147.2,NA,"2510",93.8,"Euro (EUR)",0.8,NA,NA,NA,NA,NA,NA,NA,NA,99.6,"REU"
"174","Saint Helena","Western Africa",6,15.6,"Jamestown",0.6,NA,"309",NA,"Saint Helena Pound (SHP)",NA,NA,NA,NA,NA,NA,NA,NA,NA,NA,"SHN"
"175","Saint Kitts and Nevis","Caribbean",54,205.9,"Basseterre",14.4,"23-Sep-83","261",NA,"E. Caribbean Dollar (XCD)c",2.7,1051,2.5,19896.5,92,"53",272,-219,-72,30.8,"KNA"
"176","Saint Lucia","Caribbean",184,302.3,"Castries",22.3,"18-Sep-79","539",97,"E. Caribbean Dollar (XCD)d",2.7,2122,1.7,11611.4,104,"115",539,-424,103,18.8,"LCA"
"177","Saint Pierre and Miquelon","Northern America",6,25.1,"Saint-Pierre",5.7,NA,"242",NA,"Euro (EUR)",0.8,NA,NA,NA,NA,NA,NA,NA,NA,89.9,"SPM"
"178","Saint Vincent and the Grenadines","Caribbean",111,285.3,"Kingstown",26.6,"16-Sep-80","389",102.5,"E. Caribbean Dollar (XCD)c",2.7,825,0.3,7463.5,104,"54",321,-267,-99,52.6,"VCT"
"179","Samoa","Polynesia",200,70.7,"Apia",36.1,"15-Dec-76","2842",107.3,"Tala (WST)",2.5,845,2.3,4285.5,104,"37",313,-276,15,18.1,"WSM"
"180","San Marino","Southern Europe",34,566.8,"San Marino",4.5,"02-Mar-92","61",NA,"Euro (EUR)",0.8,1602,1.1,47313.4,NA,NA,NA,NA,NA,97.4,"SMR"
"181","Sao Tome and Principe","Middle Africa",223,232.7,"Sao Tome",80.1,"16-Sep-75","964",100.2,"Dobra (STN)",20,422,1.3,1961.2,107,"11",164,-153,-60,73.6,"STP"
"182","Saudi Arabia","Western Asia",35341,16.4,"Riyadh",7070.7,"24-Oct-45","2206714",137.1,"Saudi Riyal (SAR)",3.8,792967,0.3,23139.8,132,"168822",131354,37468,-19647,84.1,"SAU"
"183","Senegal","Western Africa",17196,89.3,"Dakar",3057.1,"28-Sep-60","196712",95.4,"CFA Franc, BCEAO (XOF)d",534.6,23665,5.2,1452.1,153,"3929",7812,-3883,-2215,47.7,"SEN"
"184","Serbia","Southern Europe",8698,99.4,"Belgrade",1393.7,"01-Nov-00","88444",96,"Serbian Dinar (RSD)",95.7,51475,4.2,7359.3,107,NA,NA,NA,-2236,NA,"SRB"
"185","Seychelles","Eastern Africa",99,215,"Victoria",28.1,"21-Sep-76","457",105.1,"Seychelles Rupee (SCR)",21.6,1699,4.7,17381.7,92,"546",1041,-496,-330,57.1,"SYC"
"186","Sierra Leone","Western Africa",8141,112.8,"Freetown",1168.4,"27-Sep-61","72300",99.7,"Leone (SLL)",10133.4,4122,5.5,527.5,105,"193",1120,-927,-915,42.5,"SLE"
"187","Singapore","South-eastern Asia",5897,8423.8,"Singapore",5868.1,"21-Sep-65","725",109.8,"Singapore Dollar (SGD)",1.3,372074,0.7,64102.7,112,"362928",329032,33895,59786,100,"SGP"
"188","Sint Maarten (Dutch part)","Caribbean",43,1277.1,"Philipsburg",40.6,NA,"34",NA,"Neth. Ant. Guilder (ANG)c",1.8,1009,5,23803.9,NA,NA,NA,NA,-149,100,"SXM"
"189","Slovakia","Eastern Europe",5461,113.6,"Bratislava",432.5,"19-Jan-93","49035",94.9,"Euro (EUR)",0.8,105080,2.3,19255.9,98,"86333",85449,884,-294,53.7,"SVK"
"190","Slovenia","Southern Europe",2079,103.2,"Ljubljana",286.5,"22-May-92","20273",99.3,"Euro (EUR)",0.8,54174,3.2,26062.2,99,"37471",36513,958,3748,54.8,"SVN"
"191","Solomon Islands","Melanesia",704,25.2,"Honiara",81.8,"19-Sep-78","28896",103.5,"Solomon Is. Dollar (SBD)c",8,1303,1.2,1944.8,105,"680",141,539,-25,24.2,"SLB"
"192","Somalia","Eastern Africa",16360,26.1,"Mogadishu",2179.9,"20-Sep-60","637657",99.4,"Somali Shilling (SOS)",24300,1626,2.9,105.3,97,NA,NA,NA,NA,45.6,"SOM"
"193","South Africa","Southern Africa",60042,49.5,"Pretoriac",2472.6,"07-Nov-45","1221037",97,"Rand (ZAR)",14.7,351431,0.2,6001.4,102,NA,NA,NA,6711,66.9,"ZAF"
"194","South Sudan","Eastern Africa",11381,18.6,"Juba",385.8,"14-Jul-11","658841",100.2,"S. Sudanese Pound (SSP)c",177.3,4960,0.9,448.4,107,NA,NA,NA,257,19.9,"SSD"
"195","Spain","Southern Europe",46745,93.7,"Madrid",6559,"14-Dec-55","505969",96.7,"Euro (EUR)",0.8,1393491,2,29815.7,106,"312081",329739,-17658,8665,NA,"ESP"
"196","Sri Lanka","Southern Asia",21497,342.8,"Colomboc",606.2,"14-Dec-55","65610",92,"Sri Lanka Rupee (LKR)",186.4,84009,2.3,3939.7,106,"10707",15607,-4900,-1808,18.6,"LKA"
"197","State of Palestine","Western Asia",5223,867.6,"East Jerusalemd",275.1,NA,"6025",102.9,NA,NA,17059,0.9,3424.5,109,"1130",5750,-4620,-1834,NA,"PSE"
"198","Sudan","Northern Africa",44909,25.4,"Khartoum",5677.9,"12-Nov-56",NA,99.9,"Sudanese Pound (SDG)",55,34895,1.3,815.1,116,NA,NA,NA,-5215,34.9,"SDN"
"199","Suriname","South America",592,3.8,"Paramaribo",239.5,"04-Dec-75","163820",101,"Surinam Dollar (SRD)",14.2,3697,0.3,6359.6,99,"1686",2047,-361,275,66.1,"SUR"
"200","Sweden","Northern Europe",10160,24.8,"Stockholm",1608,"19-Nov-46","438574",100.4,"Swedish Krona (SEK)",8.2,530884,1.3,52896,100,"155608",149792,5816,28188,87.7,"SWE"
"201","Switzerland","Western Europe",8716,220.6,"Bern",426,"10-Sep-02","41291",98.5,"Swiss Franc (CHF)",0.9,731425,1.1,85135,97,"318415",290325,28090,28094,73.8,"CHE"
"202","Syrian Arab Republic","Western Asia",18276,99.5,"Damascus",2353.6,"24-Oct-45","185180",100.1,"Syrian Pound (SYP)",1250,20379,4.8,1193.9,118,"400",729,-329,NA,54.8,"SYR"
"203","Tajikistan","Central Asia",9750,69.7,"Dushanbe",893.8,"02-Mar-92","142600",101.5,"Somoni (TJS)",11.3,8333,7.5,894,159,NA,NA,NA,336,27.3,"TJK"
"204","Thailand","South-eastern Asia",69951,136.9,"Bangkok",10350.2,"16-Dec-46","513140",94.7,"Baht (THB)",30,542017,2.4,7784.7,101,"219084",188668,30416,16298,50.7,"THA"
"205","The former Yugoslav Republic of Macedonia","Southern Europe",2083,82.6,"Skopje",589.8,"08-Apr-93","25713",100.1,"Denar (MKD)",50.2,12695,3.6,6093.1,96,"6633",8709,-2076,-424,58.2,"MKD"
"206","Timor-Leste","South-eastern Asia",1344,90.4,"Dili",281.1,"27-Sep-02","14919",102.1,"US Dollar (USD)",NA,2018,18.7,1560.5,99,NA,NA,NA,-357,30.9,"TLS"
"207","Togo","Western Africa",8478,155.9,"Lomé",1785.3,"20-Sep-60","56785",99.1,"CFA Franc, BCEAO (XOF)c",534.6,7270,5.3,899.5,110,"992",2488,-1496,-55,42.2,"TGO"
"208","Tokelau","Polynesia",1,136.8,"Tokelauc",NA,NA,"12",NA,"New Zealand Dollar (NZD)",1.4,NA,NA,NA,106,NA,NA,NA,NA,0,"TKL"
"209","Tonga","Polynesia",107,148.3,"Nuku'alofa",22.9,"14-Sep-99","747",100.2,"Pa'anga (TOP)",2.3,508,0.7,4865.5,91,"14",350,-336,-19,23.1,"TON"
"210","Trinidad and Tobago","Caribbean",1403,273.6,"Port of Spain",544.3,"18-Sep-62","5127",97.4,"TT Dollar (TTD)c",6.7,23209,-1.2,16637.3,104,"14561",1076,13485,1056,53.2,"TTO"
"211","Tunisia","Northern Africa",11936,76.8,"Tunis",2327.8,"12-Nov-56","163610",98.4,"Tunisian Dinar (TND)",2.7,38797,1,3317.5,106,"13854",18392,-4538,-3284,69.3,"TUN"
"212","Turkey","Western Asia",85043,110.5,"Ankara",5018,"24-Oct-45","783562",97.5,"Turkish Lira (TRY)",7.4,761426,0.9,9126.6,111,"169658",219514,-49856,-37315,75.6,"TUR"
"213","Turkmenistan","Central Asia",6118,13,"Ashgabat",828.1,"02-Mar-92","488100",97,"Turkmen. Manat (TMT)c",3.5,48276,3,8124.5,95,NA,NA,NA,NA,52,"TKM"
"214","Turks and Caicos Islands","Caribbean",39,41.3,"Cockburn Town",0.1,NA,"948",NA,"US Dollar (USD)",NA,1197,5.3,31353.5,NA,NA,NA,NA,173,93.4,"TCA"
"215","Tuvalu","Polynesia",12,397.5,"Funafuti",7,"05-Sep-00","26",NA,"Australian Dollar (AUD)",1.3,47,6.3,4036,103,NA,NA,NA,-9,63.2,"TUV"
"216","Uganda","Eastern Africa",47124,235.8,"Kampala",3137.7,"25-Oct-62","241550",97.3,"Uganda Shilling (UGX)",3650.1,32609,6.7,736.6,100,"4149",8251,-4102,-2333,24.4,"UGA"
"217","Ukraine","Eastern Europe",43467,75,"Kyiv",2973.3,"24-Oct-45","603500",86.4,"Hryvnia (UAH)",28.3,NA,NA,NA,109,NA,NA,NA,5207,NA,"UKR"
"218","United Arab Emirates","Western Asia",9991,119.5,"Abu Dhabi",1452.1,"09-Dec-71","71024",222,"UAE Dirham (AED)d",3.7,421142,1.7,43103.3,112,"376382",198753,177628,NA,86.8,"ARE"
"219","United Kingdom","Northern Europe",68207,281.9,"London",9176.5,"24-Oct-45","242495",97.8,"Pound Sterling (GBP)",0.8,2826442,1.3,41854.5,104,"399622",631221,-231600,-95421,83.7,"GBR"
"220","United Republic of Tanzania","Eastern Africa",61498,69.4,"Dodoma",261.6,"14-Dec-61","947303",99.9,"Tanzanian Shilling (TZS)",2298.5,NA,NA,NA,107,"2793",10168,-7375,-1301,NA,"TZA"
"221","United States Virgin Islands","Caribbean",104,297.8,"Charlotte Amalie",52.3,NA,"347",90.4,"US Dollar (USD)",NA,NA,NA,NA,NA,NA,NA,NA,NA,95.8,"VIR"
"222","United States of America","Northern America",332915,36.4,"Washington, D.C.",5264.5,"24-Oct-45","9833517",97.9,"US Dollar (USD)",NA,21433226,2.2,65133.7,100,"1430254",2405382,-975128,-647218,82.5,"USA"
"223","Uruguay","South America",3485,19.9,"Montevideo",1744.7,"18-Dec-45","173626",93.6,"Peso Uruguayo (UYU)",42.3,56046,0.2,16190.1,102,"6853",7564,-711,-297,95.4,"URY"
"224","Uzbekistan","Central Asia",33936,79.8,"Tashkent",2490.3,"02-Mar-92","448969",99.6,"Uzbekistan Sum (UZS)",10483,57921,5.6,1756.2,102,"13281",20020,-6740,-3138,50.4,"UZB"
"225","Vanuatu","Melanesia",314,25.8,"Port Vila",52.7,"15-Sep-81","12189",102.7,"Vatu (VUV)",107.7,907,2.8,3023.4,100,"47",256,-209,113,25.4,"VUT"
"226","Venezuela (Bolivarian Republic of)","South America",28705,32.5,"Caracas",2935.5,"15-Nov-45","929690",96.7,"Bolívar (VEF)",10,134960,-35,4732.8,91,"2164",414,1750,-3870,88.2,"VEN"
"227","Viet Nam","South-eastern Asia",98169,316.6,"Hanoi",4479.6,"20-Sep-77","331236",99.7,"Dong (VND)",23131,261921,7,2715.3,105,"282817",262001,20816,13101,36.6,"VNM"
"228","Wallis and Futuna Islands","Polynesia",11,79.2,"Matu-Utu",1,NA,"142",NA,"CFP Franc (XPF)c",97.2,NA,NA,NA,NA,NA,NA,NA,NA,0,"WLF"
"229","Western Sahara","Northern Africa",612,2.3,"El Aaiún",232.4,NA,"266000",109.4,"Moroccan Dirham (MAD)",8.9,NA,NA,NA,NA,NA,NA,NA,NA,86.8,"ESH"
"230","Yemen","Western Asia",30491,57.8,"Sana'a",2874.4,"30-Sep-47","527968",101.5,"Yemeni Rial (YER)",250.2,24935,2.1,855.1,98,"~0",5298,-5298,-2419,37.3,"YEM"
"231","Zambia","Eastern Africa",18921,25.5,"Lusaka",2646.6,"01-Dec-64","752612",98.1,"Zambian Kwacha (ZMW)",21.2,23085,1.4,1292.5,110,"7805",5314,2491,2254,44.1,"ZMB"
"232","Zimbabwe","Eastern Africa",15092,39,"Harare",1521.3,"25-Aug-80","390757",91.4,"Zimbabwe Dollar (ZWL)",81.8,21441,-8.1,1464,113,"4395",5048,-653,-308,32.2,"ZWE"
