"","Country.x","Deaths...million","Deaths","Cases","iso3c","Country.y","Region.x","Population..000..2021.","Pop..density..per.km2..2021.","Capital.city","Capital.city.pop...000..2021.","UN.membership.date","Surface.area..km2.","Sex.ratio..m.per.100.f.","National.currency","Exchange.rate..per.US..","GDP..Gross.domestic.product..million.current.US..","GDP.growth.rate..annual....const..2015.prices.","GDP.per.capita..current.US..","Agricultural.production.index..2014.2016.100.","International.trade..exports..million.current.US..","International.trade..imports..million.current.US..","International.trade..balance..million.current.US..","Balance.of.payments..current.account..million.US..","Urban.population....of.total.population.","Country..or.territory.","Region.y","Hospital.beds.per.1.000.people.2013","Hospital.beds.per.1.000.people.2014","Hospital.beds.per.1.000.people.2015","Hospital.beds.per.1.000.people.2016","Hospital.beds.per.1.000.people.2017","Occupancy....","ICU.CCB.beds.100.000.inhabitants","Ventilators","Country","Obesity.rate....","Location","Vaccinated","Percent"
"1","World","872","6,960,770","771,150,460",NA,"Channel Islands","Northern Europe",175,922.3,"Saint Heliere",34.4,NA,"180",98.1,"Pound Sterling (GBP)",0.8,NA,NA,NA,NA,NA,NA,NA,NA,NA,NA,NA,NA,NA,NA,NA,NA,NA,NA,NA,NA,NA,"World","5,625,493,786",70.54
"2","World","872","6,960,770","771,150,460",NA,"Channel Islands","Northern Europe",175,922.3,"Saint Heliere",34.4,NA,"180",98.1,"Pound Sterling (GBP)",0.8,NA,NA,NA,NA,NA,NA,NA,NA,NA,NA,NA,NA,NA,NA,NA,NA,NA,NA,NA,NA,NA,"European Union","338,046,600",75.1
"3","World","872","6,960,770","771,150,460",NA,"Channel Islands","Northern Europe",175,922.3,"Saint Heliere",34.4,NA,"180",98.1,"Pound Sterling (GBP)",0.8,NA,NA,NA,NA,NA,NA,NA,NA,NA,NA,NA,NA,NA,NA,NA,NA,NA,NA,NA,NA,NA,"Kosovo","906,858",50.89
"4","Peru","6,511","221,704","4,520,727","PER","Peru","South America",33359,26.1,"Lima",10554.7,"31-Oct-45","1285216",98.7,"Sol (PEN)",3.3,226850,2.2,6977.8,117,"35887",22009,13878,-3531,78.1,NA,NA,NA,NA,NA,NA,NA,NA,NA,NA,"Peru",19.7,"Peru","30,532,913",89.67
"5","Bulgaria","5,664","38,414","1,302,188","BGR","Bulgaria","Eastern Europe",6897,63.5,"Sofia",1276.9,"14-Dec-55","110372",94.4,"Bulgarian Lev (BGN)",1.6,67926,3.4,9703.5,106,"31801",34880,-3079,-538,75.3,NA,NA,NA,NA,NA,NA,NA,NA,NA,NA,"Bulgaria",25,"Bulgaria","2,108,377",31.09
"6","Bosnia and Herzegovina","5,057","16,354","403,155","BIH","Bosnia and Herzegovina","Southern Europe",3264,64,"Sarajevo",342.7,"22-May-92","51209",95.9,"Convertible Mark (BAM)",1.6,20164,2.7,6108.6,105,"6149",9867,-3719,-635,48.6,NA,NA,NA,NA,NA,NA,NA,NA,NA,NA,"Bosnia and Herzegovina",17.9,"Bosnia and Herzegovina","943,394",28.91
"7","Hungary","4,896","48,807","2,206,311","HUN","Hungary","Eastern Europe",9634,106.4,"Budapest",1763.9,"14-Dec-55","93023",90.9,"Forint (HUF)",297.4,163469,4.6,16879.1,97,"119391",112624,6767,167,71.6,"Hungary","Europe",7.04,6.98,6.99,7,7.02,65.5,13.8," 2,560","Hungary",26.4,"Hungary","6,420,813",64.42
"8","North Macedonia","4,750","9,946","349,104","MKD","The former Yugoslav Republic of Macedonia","Southern Europe",2083,82.6,"Skopje",589.8,"08-Apr-93","25713",100.1,"Denar (MKD)",50.2,12695,3.6,6093.1,96,"6633",8709,-2076,-424,58.2,NA,NA,NA,NA,NA,NA,NA,NA,NA,NA,"North Macedonia",22.4,"North Macedonia","854,570",40.82
"9","Georgia","4,575","17,132","1,855,289","GEO","Georgia","Western Asia",3980,57.3,"Tbilisi",1077.3,"31-Jul-92","69700",91,"Lari (GEL)",3.3,17743,5.1,4439.3,105,"3342",8031,-4689,-1965,NA,NA,NA,NA,NA,NA,NA,NA,NA,NA,NA,"Georgia",21.7,"Georgia","1,654,504",44.03
"10","Croatia","4,553","18,351","1,275,337","HRV","Croatia","Southern Europe",4082,72.9,"Zagreb",685.2,"22-May-92","56594",93.2,"Kuna (HRK)",6.1,60415,2.9,14627.3,80,"16965",25987,-9021,-532,57.2,NA,NA,NA,NA,NA,NA,NA,NA,NA,NA,"Croatia",24.4,"Croatia","2,321,786",57.61
"11","Slovenia","4,456","9,448","1,345,384","SVN","Slovenia","Southern Europe",2079,103.2,"Ljubljana",286.5,"22-May-92","20273",99.3,"Euro (EUR)",0.8,54174,3.2,26062.2,99,"37471",36513,958,3748,54.8,"Slovenia","Europe",4.55,4.54,4.51,4.49,4.5,69.5,6.4,NA,"Slovenia",20.2,"Slovenia","1,265,802",59.72
"12","Montenegro","4,232","2,654","251,280","MNE","Montenegro","Southern Europe",628,46.7,"Podgorica",177.2,"28-Jun-06","13812",97.8,"Euro (EUR)",0.8,5542,4.1,8825.3,102,"410",2394,-1984,-1235,67.2,NA,NA,NA,NA,NA,NA,NA,NA,NA,NA,"Montenegro",23.3,"Montenegro","292,783",46.63
"13","Czech Republic","4,083","42,849","4,651,538","CZE","Czechia","Eastern Europe",10725,138.8,"Prague",1298.8,"19-Jan-93","78871",97.1,"Czech Koruna (CZK)",21.4,250681,2.3,23451.7,93,"192305",170678,21627,8845,73.9,"Czech Republic","Europe",6.7,6.68,6.67,6.66,6.63,70.1,11.6," 3,529","Czech Republic",26,"Czech Republic","6,976,659",66.48
"14","Latvia","3,989","7,384","976,316","LVA","Latvia","Northern Europe",1867,30,"Riga",633.8,"17-Sep-91","64573",85.6,"Euro (EUR)",0.8,34103,2.1,17885.4,104,"15154",17334,-2181,1004,68.2,"Latvia","Europe",5.8,5.66,5.69,5.72,5.57,71.1,9.7,NA,"Latvia",23.6,"Latvia","1,346,184",71.84
"15","Slovakia","3,750","21,167","1,867,525","SVK","Slovakia","Eastern Europe",5461,113.6,"Bratislava",432.5,"19-Jan-93","49035",94.9,"Euro (EUR)",0.8,105080,2.3,19255.9,98,"86333",85449,884,-294,53.7,"Slovakia","Europe",5.8,5.79,5.75,5.78,5.82,67.8,9.2," 600","Slovakia",20.5,"Slovakia","2,822,919",51.82
"16","San Marino","3,739","126","24,644","SMR","San Marino","Southern Europe",34,566.8,"San Marino",4.5,"02-Mar-92","61",NA,"Euro (EUR)",0.8,1602,1.1,47313.4,NA,NA,NA,NA,NA,97.4,NA,NA,NA,NA,NA,NA,NA,NA,NA,NA,NA,NA,"San Marino","26,357",77.5
"17","Moldova","3,704","12,126","623,684","MDA","Republic of Moldova","Eastern Europe",4024,122.5,"Chisinau",504.3,"02-Mar-92","33846",91.8,"Moldovan Leu (MDL)",17.2,11955,3.5,2956.9,118,"2485",5416,-2931,-796,NA,NA,NA,NA,NA,NA,NA,NA,NA,NA,NA,"Moldova",18.9,"Moldova","1,108,879",33.88
"18","Greece","3,617","37,572","5,405,742","GRC","Greece","Southern Europe",10371,80.5,"Athens",3154.2,"25-Oct-45","131957",96.4,"Euro (EUR)",0.8,205327,1.9,19604.5,74,"35070",55534,-20463,-12618,79.4,"Greece","Europe",4.24,4.24,4.25,4.2,4.21,61.6,11.2,NA,"Greece",24.9,"Greece","7,936,266",76.42
"19","Lithuania","3,530","9,710","1,329,905","LTU","Lithuania","Northern Europe",2690,42.9,"Vilnius",537.6,"17-Sep-91","65286",86.2,"Euro (EUR)",0.8,54627,4.3,19795.2,94,"32753",33125,-372,4700,67.9,"Lithuania","Europe",7.28,7.22,6.97,6.69,6.56,73.2,15.5,"~1,000","Lithuania",26.3,"Lithuania","1,957,190",71.17
"20","Romania","3,476","68,341","3,455,207","ROU","Romania","Eastern Europe",19128,83.1,"Bucharest",1812.3,"14-Dec-55","238391",94.6,"Romanian Leu (RON)",4,250076,4.1,12914.1,113,"71046",92056,-21010,-13138,54.1,NA,NA,NA,NA,NA,NA,NA,NA,NA,NA,"Romania",22.5,"Romania","8,187,976",41.65
"21","Gibraltar","3,458","113","20,550","GIB","Gibraltar","Southern Europe",34,3369.1,"Gibraltar",34.7,NA,"6",NA,"Gibraltar Pound (GIP)",0.8,NA,NA,NA,NA,NA,NA,NA,NA,100,NA,NA,NA,NA,NA,NA,NA,NA,NA,NA,NA,NA,"Gibraltar","42,175",129.07
"22","United Kingdom","3,403","229,765","24,743,787","GBR","United Kingdom","Northern Europe",68207,281.9,"London",9176.5,"24-Oct-45","242495",97.8,"Pound Sterling (GBP)",0.8,2826442,1.3,41854.5,104,"399622",631221,-231600,-95421,83.7,"United Kingdom","Europe",2.76,2.73,2.61,2.57,2.54,84.3,6.6," 5,000 8,175 (10.1 per 100,000 inhabitants)","United Kingdom",27.8,"United Kingdom","53,806,963",79.97
"23","United States","3,331","1,127,152","103,436,829","USA","United States of America","Northern America",332915,36.4,"Washington, D.C.",5264.5,"24-Oct-45","9833517",97.9,"US Dollar (USD)",NA,21433226,2.2,65133.7,100,"1430254",2405382,-975128,-647218,82.5,"United States","Americas",2.89,2.83,2.8,2.77,2.9,64,29.4," 177,000 68,000 (18.8 per 100,000 inhabitants)","United States",41.9,"United States","270,227,181",81.39
"24","Brazil","3,272","704,659","37,721,749","BRA","Brazil","South America",213993,25.6,"Brasilia",4559,"24-Oct-45","8515767",96.5,"Brazilian Real (BRL)",5.2,1847796,1.1,8755.3,110,NA,NA,NA,-24074,86.8,NA,NA,NA,NA,NA,NA,NA,NA,NA,NA,"Brazil",22.1,"Brazil","189,643,431",88.08
"25","Italy","3,247","191,715","26,082,645","ITA","Italy","Southern Europe",60368,205.2,"Rome",4234,"14-Dec-55","302069",95,"Euro (EUR)",0.8,2003576,0.3,33089.6,98,"495977",422648,73329,69735,70.7,"Italy","Europe",3.31,3.21,3.2,3.17,3.18,78.9,12.5," 5,324 (January 2020) 5,000 (8.3 per 100,000 inhabitants)","Italy",19.9,"Italy","50,929,393",86.27
"26","Armenia","3,147","8,751","449,650","ARM","Armenia","Western Asia",2968,104.3,"Yerevan",1083.3,"02-Mar-92","29743",88.8,"Armenian Dram (AMD)",522.6,13673,7.6,4622.7,81,"2520",4541,-2021,-394,63.2,NA,NA,NA,NA,NA,NA,NA,NA,NA,NA,"Armenia",20.2,"Armenia","1,122,040",40.35
"27","Chile","3,142","61,607","5,288,823","CHL","Chile","South America",19212,25.8,"Santiago",6723.5,"24-Oct-45","756102",97.3,"Chilean Peso (CLP)",729,282318,1.1,14896.5,103,"59804",59367,438,3370,87.6,"Chile","Americas",2.16,2.11,2.14,2.12,2.11,79.1,NA,NA,"Chile",28,"Chile","18,088,517",92.27
"28","Martinique","3,003","1,104","230,354","MTQ","Martinique","Caribbean",375,353.5,"Fort-de-France",79.4,NA,"1090",85,"Euro (EUR)",0.8,NA,NA,NA,NA,NA,NA,NA,NA,89.1,NA,NA,NA,NA,NA,NA,NA,NA,NA,NA,NA,NA,NA,NA,NA
"29","Poland","3,002","119,654","6,523,335","POL","Poland","Eastern Europe",37797,123.4,"Warsaw",1775.9,"24-Oct-45","312679",94,"Zloty (PLN)",3.8,595862,4.5,15727,103,"254169",254660,-491,21067,60,"Poland","Europe",6.61,6.63,6.63,6.64,6.62,NA,6.9," 10,100 (26.6 per 100,000 inhabitants)","Poland",23.1,"Poland","22,877,261",57.4
"30","Belgium","2,946","34,339","4,817,196","BEL","Belgium","Western Europe",11632,384.2,"Brussels",2065.3,"27-Dec-45","30528",98.4,"Euro (EUR)",0.8,533097,1.7,46198.3,102,"298313",301292,-2979,-933,98,"Belgium","Europe",5.93,5.85,5.83,5.76,5.76,81.8,15.9,NA,"Belgium",22.1,"Belgium","9,267,479",79.51
"31","Paraguay","2,945","19,971","735,853","PRY","Paraguay","South America",7220,18.2,"Asunción",3279.2,"24-Oct-45","406752",103.2,"Guarani (PYG)",6916.8,38087,0.2,5406.5,102,"8181",9927,-1746,738,61.9,NA,NA,NA,NA,NA,NA,NA,NA,NA,NA,"Paraguay",20.3,"Paraguay","3,993,938",58.9
"32","Trinidad and Tobago","2,867","4,390","191,496","TTO","Trinidad and Tobago","Caribbean",1403,273.6,"Port of Spain",544.3,"18-Sep-62","5127",97.4,"TT Dollar (TTD)c",6.7,23209,-1.2,16637.3,104,"14561",1076,13485,1056,53.2,NA,NA,NA,NA,NA,NA,NA,NA,NA,NA,"Trinidad and Tobago",18.6,"Trinidad and Tobago","753,588",49.39
"33","Argentina","2,866","130,472","10,054,576","ARG","Argentina","South America",45606,16.7,"Buenos Aires",15057.3,"24-Oct-45","2796427",95.3,"Argentine Peso (ARS)",84,449664,-2.2,10041.5,113,"54884",42356,12528,2985,92,"Argentina","Americas",NA,NA,NA,NA,5,NA,NA,NA,"Argentina",28.3,"Argentina","41,510,828",91.21
"34","Ukraine","2,768","109,918","5,520,483","UKR","Ukraine","Eastern Europe",43467,75,"Kyiv",2973.3,"24-Oct-45","603500",86.4,"Hryvnia (UAH)",28.3,NA,NA,NA,109,NA,NA,NA,5207,NA,"Ukraine","Europe",NA,NA,NA,NA,8.8,NA,NA," 3,600","Ukraine",24.1,"Ukraine","15,729,617",36.19
"35","European Union","2,765","1,244,831","184,084,567",NA,"Channel Islands","Northern Europe",175,922.3,"Saint Heliere",34.4,NA,"180",98.1,"Pound Sterling (GBP)",0.8,NA,NA,NA,NA,NA,NA,NA,NA,NA,NA,NA,NA,NA,NA,NA,NA,NA,NA,NA,NA,NA,"World","5,625,493,786",70.54
"36","European Union","2,765","1,244,831","184,084,567",NA,"Channel Islands","Northern Europe",175,922.3,"Saint Heliere",34.4,NA,"180",98.1,"Pound Sterling (GBP)",0.8,NA,NA,NA,NA,NA,NA,NA,NA,NA,NA,NA,NA,NA,NA,NA,NA,NA,NA,NA,NA,NA,"European Union","338,046,600",75.1
"37","European Union","2,765","1,244,831","184,084,567",NA,"Channel Islands","Northern Europe",175,922.3,"Saint Heliere",34.4,NA,"180",98.1,"Pound Sterling (GBP)",0.8,NA,NA,NA,NA,NA,NA,NA,NA,NA,NA,NA,NA,NA,NA,NA,NA,NA,NA,NA,NA,NA,"Kosovo","906,858",50.89
"38","Russia","2,764","400,047","23,029,404","RUS","Russian Federation","Eastern Europe",145912,8.9,"Moscow",12476.2,"24-Oct-45","17098246",86.4,"Russian Ruble (RUB)",73.9,1692930,1.3,11605.6,110,NA,NA,NA,33949,74.6,"Russia","Europe",9.07,8.81,8.35,8.16,8.05,NA,8.3," 40,000 (27.3 per 100,000 inhabitants)","Russia",23.1,"Russia","89,081,596",61.56
"39","Colombia","2,756","142,977","6,381,470","COL","Colombia","South America",51266,46.2,"Bogota",10779.4,"05-Nov-45","1141748",96.5,"Colombian Peso (COP)",3444.9,323803,3.3,6432.4,133,"31057",43483,-12426,-9326,81.1,NA,NA,NA,NA,NA,NA,NA,NA,NA,NA,"Colombia",22.3,"Colombia","43,012,174",82.92
"40","Aruba","2,742","292","44,224","ABW","Aruba","Caribbean",107,595.5,"Oranjestad",29.9,NA,"180",90.2,"Aruban Florin (AWG)",1.8,3293,-0.7,30974.7,NA,"66",939,-873,-324,43.5,NA,NA,NA,NA,NA,NA,NA,NA,NA,NA,NA,NA,"Aruba","90,478",84.99
"41","Portugal","2,670","27,424","5,621,015","PRT","Portugal","Southern Europe",10168,111,"Lisbon",2942.1,"14-Dec-55","92226",89.8,"Euro (EUR)",0.8,238785,2.2,23350.4,109,"61529",77594,-16065,-2607,65.8,"Portugal","Europe",3.39,3.32,3.37,3.39,3.39,66.8,4.2," 1,400","Portugal",20.8,"Portugal","9,791,341",95.33
"42","Serbia","2,627","18,057","2,552,178","SRB","Serbia","Southern Europe",8698,99.4,"Belgrade",1393.7,"01-Nov-00","88444",96,"Serbian Dinar (RSD)",95.7,51475,4.2,7359.3,107,NA,NA,NA,-2236,NA,NA,NA,NA,NA,NA,NA,NA,NA,NA,NA,"Serbia",21.5,"Serbia","3,354,075",48.81
"43","Mexico","2,624","334,630","7,690,908","MEX","Mexico","Central America",130262,67,"Mexico City",21671.9,"07-Nov-45","1964375",95.8,"Mexican Peso (MXN)",20,1256441,-0.3,9848.6,113,NA,NA,NA,26571,80.4,NA,NA,NA,NA,NA,NA,NA,NA,NA,NA,"Mexico",54.7,"Mexico","97,179,493",76.22
"44","France","2,599","167,985","38,997,490","FRA","France","Western Europe",65426,119.5,"Paris",10958.2,"24-Oct-45","551500",93.8,"Euro (EUR)",0.8,NA,NA,NA,98,"488562",582775,-94213,-48911,80.7,"France","Europe",6.28,6.2,6.13,6.06,5.98,75.6,11.6," 9,236 (2006) 7,007 (2009)","France",21.6,"France","54,677,678",80.63
"45","Guadeloupe","2,579","1,021","203,235","GLP","Guadeloupe","Caribbean",400,245.7,"Basse-Terre",58.4,NA,"1639",85.5,"Euro (EUR)",0.8,NA,NA,NA,NA,NA,NA,NA,NA,NA,NA,NA,NA,NA,NA,NA,NA,NA,NA,NA,NA,NA,NA,NA,NA
"46","Bermuda","2,569","165","18,860","BMU","Bermuda","Northern America",62,1241.8,"Hamilton",10.1,NA,"54",NA,"Bermudian Dollar (BMD)",1,7361,2.4,117767.9,NA,"19",904,-885,828,100,NA,NA,NA,NA,NA,NA,NA,NA,NA,NA,NA,NA,"Bermuda","48,554",75.65
"47","Spain","2,562","121,852","13,980,340","ESP","Spain","Southern Europe",46745,93.7,"Madrid",6559,"14-Dec-55","505969",96.7,"Euro (EUR)",0.8,1393491,2,29815.7,106,"312081",329739,-17658,8665,NA,"Spain","Europe",2.96,2.97,2.98,2.97,2.97,75.3,9.7,NA,"Spain",23.8,"Spain","41,351,234",86.95
"48","Austria","2,520","22,534","6,081,287","AUT","Austria","Western Europe",9043,109.7,"Vienna",1915.3,"14-Dec-55","83878",97.4,"Euro (EUR)",0.8,445075,1.4,49700.8,100,"164332",162981,1351,10781,58.5,"Austria","Europe",7.64,7.58,7.54,7.42,7.37,73.8,21.8," 2,500","Austria",20.1,"Austria","6,899,873",77.18
"49","Guam","2,421","416","52,017","GUM","Guam","Micronesia",170,315.2,"Hagåtña",146.9,NA,"541",101.7,"US Dollar (USD)",NA,NA,NA,NA,NA,NA,NA,NA,NA,94.9,NA,NA,NA,NA,NA,NA,NA,NA,NA,NA,NA,NA,NA,NA,NA
"50","Tunisia","2,381","29,423","1,153,361","TUN","Tunisia","Northern Africa",11936,76.8,"Tunis",2327.8,"12-Nov-56","163610",98.4,"Tunisian Dinar (TND)",2.7,38797,1,3317.5,106,"13854",18392,-4538,-3284,69.3,NA,NA,NA,NA,NA,NA,NA,NA,NA,NA,"Tunisia",26.9,"Tunisia","7,218,871",58.42
"51","Sweden","2,354","24,834","2,717,141","SWE","Sweden","Northern Europe",10160,24.8,"Stockholm",1608,"19-Nov-46","438574",100.4,"Swedish Krona (SEK)",8.2,530884,1.3,52896,100,"155608",149792,5816,28188,87.7,"Sweden","Europe",2.59,2.54,2.44,2.34,2.22,NA,5.8," 570","Sweden",20.6,"Sweden","7,775,726",73.71
"52","Saint Lucia","2,279","410","30,082","LCA","Saint Lucia","Caribbean",184,302.3,"Castries",22.3,"18-Sep-79","539",97,"E. Caribbean Dollar (XCD)d",2.7,2122,1.7,11611.4,104,"115",539,-424,103,18.8,NA,NA,NA,NA,NA,NA,NA,NA,NA,NA,"Saint Lucia",19.7,"Saint Lucia","60,140",33.43
"53","Suriname","2,278","1,408","82,588","SUR","Suriname","South America",592,3.8,"Paramaribo",239.5,"04-Dec-75","163820",101,"Surinam Dollar (SRD)",14.2,3697,0.3,6359.6,99,"1686",2047,-361,275,66.1,NA,NA,NA,NA,NA,NA,NA,NA,NA,NA,"Suriname",26.4,"Suriname","267,820",45.26
"54","Uruguay","2,230","7,634","1,039,238","URY","Uruguay","South America",3485,19.9,"Montevideo",1744.7,"18-Dec-45","173626",93.6,"Peso Uruguayo (UYU)",42.3,56046,0.2,16190.1,102,"6853",7564,-711,-297,95.4,NA,NA,NA,NA,NA,NA,NA,NA,NA,NA,"Uruguay",27.9,"Uruguay","3,010,373",87.95
"55","Liechtenstein","2,210","87","21,491","LIE","Liechtenstein","Western Europe",38,239.1,"Vaduz",5.5,"18-Sep-90","160",NA,"Swiss Franc (CHF)",0.9,6798,0.6,178799.4,NA,NA,NA,NA,NA,14.4,NA,NA,NA,NA,NA,NA,NA,NA,NA,NA,NA,NA,"Liechtenstein","26,771",68.02
"56","Barbados","2,201","620","110,023","BRB","Barbados","Caribbean",288,669.1,"Bridgetown",89.2,"09-Dec-66","431",93.9,"Barbados Dollar (BBD)",2,5209,-0.1,18149,106,"345",1501,-1156,-453,31.2,NA,NA,NA,NA,NA,NA,NA,NA,NA,NA,"Barbados",23.1,"Barbados","163,846",58.17
"57","Estonia","2,188","2,902","602,187","EST","Estonia","Northern Europe",1325,31.3,"Tallinn",441.3,"17-Sep-91","45261",90.3,"Euro (EUR)",0.8,31471,5,23740.2,107,NA,NA,NA,-244,69.1,"Estonia","Europe",5.01,5.01,4.96,4.76,4.69,70.4,14.6,NA,"Estonia",21.2,"Estonia","869,431",65.56
"58","French Polynesia","2,118","649","78,632","PYF","French Polynesia","Polynesia",282,77.2,"Papeete",136,NA,"3687",102.5,"CFP Franc (XPF)d",97.2,6023,2.4,21566.9,97,"71",1701,-1630,412,61.9,NA,NA,NA,NA,NA,NA,NA,NA,NA,NA,NA,NA,"French Polynesia","190,908",62.33
"59","Germany","2,098","174,979","38,437,756","DEU","Germany","Western Europe",83900,240.7,"Berlin",3556.8,"18-Sep-73","357582",97.9,"Euro (EUR)",0.8,3861124,0.6,46231.6,94,"1382851",1171421,211430,266326,77.4,"Germany","Europe",8.28,8.23,8.13,8.06,8,62.1,38.7," 25,000","Germany",22.3,"Germany","64,876,299",77.82
"60","Sint Maarten","2,081","92","11,051","SXM","Sint Maarten (Dutch part)","Caribbean",43,1277.1,"Philipsburg",40.6,NA,"34",NA,"Neth. Ant. Guilder (ANG)c",1.8,1009,5,23803.9,NA,NA,NA,NA,-149,100,NA,NA,NA,NA,NA,NA,NA,NA,NA,NA,NA,NA,"Sint Maarten","29,788",67.41
"61","Bahamas","2,058","844","38,084","BHS","Bahamas","Caribbean",397,39.7,"Nassau",279.7,"18-Sep-73","13940",94.6,"Bahamian Dollar (BSD)",1,13579,1.2,34863.7,101,"410",2790,-2380,-2065,83.1,NA,NA,NA,NA,NA,NA,NA,NA,NA,NA,"Bahamas",31.6,"Bahamas","174,810",42.64
"62","British Virgin Islands","2,042","64","7,305","VGB","British Virgin Islands","Caribbean",30,202.8,"Road Town",15.1,NA,"151",NA,"US Dollar (USD)",NA,1297,2.6,43188.6,NA,NA,NA,NA,NA,48.1,NA,NA,NA,NA,NA,NA,NA,NA,NA,NA,NA,NA,"British Virgin Islands","19,466",62.55
"63","Ecuador","2,002","36,043","1,069,135","ECU","Ecuador","South America",17888,72,"Quito",1847.7,"21-Dec-45","257217",100,"US Dollar (USD)",NA,107436,0.1,6183.8,98,"20224",16140,4084,2474,64,NA,NA,NA,NA,NA,NA,NA,NA,NA,NA,"Ecuador",19.9,"Ecuador","15,333,873",85.18
"64","Lebanon","1,994","10,947","1,239,904","LBN","Lebanon","Western Asia",6769,661.7,"Beirut",2406.9,"24-Oct-45","10452",101.5,"Lebanese Pound (LBP)",1507.5,53367,-5.6,7784.3,101,"3468",15472,-12004,-11540,88.8,NA,NA,NA,NA,NA,NA,NA,NA,NA,NA,"Lebanon",32,"Lebanon","2,740,227",49.92
"65","Andorra","1,991","159","48,015","AND","Andorra","Southern Europe",77,164.6,"Andorra la Vella",22.6,"28-Jul-93","468",NA,"Euro (EUR)",0.8,3154,1.8,40887.4,NA,"165",1499,-1334,568,88,NA,NA,NA,NA,NA,NA,NA,NA,NA,NA,"Andorra",25.6,"Andorra","57,901",72.52
"66","Panama","1,962","8,654","1,047,555","PAN","Panama","Central America",4382,58.9,"Panama City",1821.7,"13-Nov-45","75320",100.2,"Balboa (PAB)",1,66788,3,15728,104,NA,NA,NA,1233,68.1,NA,NA,NA,NA,NA,NA,NA,NA,NA,NA,"Panama",22.7,"Panama","3,533,477",80.15
"67","Grenada","1,897","238","19,693","GRD","Grenada","Caribbean",113,332.4,"Saint George's",39.3,"17-Sep-74","345",101.4,"E. Caribbean Dollar (XCD)c",2.7,1212,2,10817.7,85,"25",395,-370,-116,36.4,NA,NA,NA,NA,NA,NA,NA,NA,NA,NA,"Grenada",21.3,"Grenada","44,241",35.26
"68","Finland","1,852","10,265","1,486,084","FIN","Finland","Northern Europe",5548,18.3,"Helsinki",1292.2,"14-Dec-55","336872",97.4,"Euro (EUR)",0.8,269296,1.1,48678.4,102,"65600",67878,-2279,2342,NA,"Finland","Europe",4.87,4.53,4.35,3.97,3.28,NA,6.1,NA,"Finland",22.2,"Finland","4,524,249",81.65
"69","Republic of Ireland","1,841","9,249","1,721,152","IRL","Ireland","Northern Europe",4983,72.3,"Dublin",1214.7,"14-Dec-55","69825",98.7,"Euro (EUR)",0.8,398590,5.6,81636.6,113,"184131",98389,85742,-44934,63.4,"Ireland","Europe",2.56,2.57,2.92,2.97,2.96,94.9,6.5,NA,"Ireland",25.3,"Republic of Ireland","4,108,868",81.8
"70","Monaco","1,836","67","17,001","MCO","Monaco","Western Europe",40,26523.5,"Monaco",38.9,"28-May-93","2",NA,"Euro (EUR)",0.8,7424,7.6,190532.5,NA,NA,NA,NA,NA,100,NA,NA,NA,NA,NA,NA,NA,NA,NA,NA,NA,NA,"Monaco","26,672",67.49
"71","Bolivia","1,832","22,404","1,208,716","BOL","Bolivia (Plurinational State of)","South America",11833,10.9,"Sucred",277.9,"14-Nov-45","1098581",100.7,"Boliviano (BOB)",6.9,40895,2.2,3552.1,110,"7033",7115,-82,-176,69.8,NA,NA,NA,NA,NA,NA,NA,NA,NA,NA,"Bolivia",20.2,"Bolivia","7,361,008",60.94
"72","Puerto Rico","1,825","5,938","1,252,713","PRI","Puerto Rico","Caribbean",2828,318.9,"San Juan",2451.4,NA,"8868",89.9,"US Dollar (USD)",NA,104989,1.2,35790.7,94,NA,NA,NA,NA,93.6,NA,NA,NA,NA,NA,NA,NA,NA,NA,NA,NA,NA,NA,NA,NA
"73","Costa Rica","1,819","9,428","1,238,884","CRI","Costa Rica","Central America",5139,100.6,"San José",1378.5,"02-Nov-45","51100",99.8,"Costa Rican Colon (CRC)",613.9,61774,2.1,12238.4,107,"12011",13965,-1954,-1289,80.1,NA,NA,NA,NA,NA,NA,NA,NA,NA,NA,"Costa Rica",25.7,"Costa Rica","4,641,899",89.6
"74","Montserrat","1,812","8","1,403","MSR","Montserrat","Caribbean",5,49.8,"Brades Estate",0.5,NA,"103",NA,"E. Caribbean Dollar (XCD)c",2.7,67,5.9,13487.5,NA,"5",NA,-25,-1,9.1,NA,NA,NA,NA,NA,NA,NA,NA,NA,NA,NA,NA,"Montserrat","2,104",47.68
"75","Kosovo","1,801","3,210","274,020",NA,"Channel Islands","Northern Europe",175,922.3,"Saint Heliere",34.4,NA,"180",98.1,"Pound Sterling (GBP)",0.8,NA,NA,NA,NA,NA,NA,NA,NA,NA,NA,NA,NA,NA,NA,NA,NA,NA,NA,NA,NA,NA,"World","5,625,493,786",70.54
"76","Kosovo","1,801","3,210","274,020",NA,"Channel Islands","Northern Europe",175,922.3,"Saint Heliere",34.4,NA,"180",98.1,"Pound Sterling (GBP)",0.8,NA,NA,NA,NA,NA,NA,NA,NA,NA,NA,NA,NA,NA,NA,NA,NA,NA,NA,NA,NA,NA,"European Union","338,046,600",75.1
"77","Kosovo","1,801","3,210","274,020",NA,"Channel Islands","Northern Europe",175,922.3,"Saint Heliere",34.4,NA,"180",98.1,"Pound Sterling (GBP)",0.8,NA,NA,NA,NA,NA,NA,NA,NA,NA,NA,NA,NA,NA,NA,NA,NA,NA,NA,NA,NA,NA,"Kosovo","906,858",50.89
"78","Hong Kong","1,798","13,466","2,876,106","HKG","China, Hong Kong SAR","Eastern Asia",7553,7193.1,"Hong Kong",7490.8,NA,"1107",84.5,"Hong Kong Dollar (HKD)",7.8,365711,-1.2,49180.1,138,"551516",573061,-21546,22666,100,"Hong Kong","Asia",5.4,5.4,5.4,NA,5.4,NA,7.1,NA,NA,NA,"Hong Kong","6,917,355",92.37
"79","South Africa","1,712","102,595","4,072,533","ZAF","South Africa","Southern Africa",60042,49.5,"Pretoriac",2472.6,"07-Nov-45","1221037",97,"Rand (ZAR)",14.7,351431,0.2,6001.4,102,NA,NA,NA,6711,66.9,NA,NA,NA,NA,NA,NA,NA,NA,NA,NA,"South Africa",28.3,"South Africa","24,209,938",40.42
"80","Belize","1,697","688","71,060","BLZ","Belize","Central America",405,17.8,"Belmopan",23,"25-Sep-81","22965",98.8,"Belize Dollar (BZD)",2,1907,0.3,4815.2,99,"212",787,-575,-128,45.9,NA,NA,NA,NA,NA,NA,NA,NA,NA,NA,"Belize",24.1,"Belize","258,473",63.78
"81","Malta","1,653","882","120,422","MLT","Malta","Southern Europe",443,1383.7,"Valletta",212.8,"01-Dec-64","1565",100.7,"Euro (EUR)",0.8,14864,4.7,33752.4,71,"3514",5783,-2269,-576,94.7,NA,NA,NA,NA,NA,NA,NA,NA,NA,NA,"Malta",28.9,"Malta","478,810",89.78
"82","Iran","1,653","146,410","7,617,752","IRN","Iran (Islamic Republic of)","Southern Asia",85029,52.2,"Tehran",9013.7,"24-Oct-45","1628777",101.9,"Iranian Rial (IRR)",42000,603780,-6.5,7282,96,NA,NA,NA,NA,75.4,NA,NA,NA,NA,NA,NA,NA,NA,NA,NA,"Iran",25.8,"Iran","65,194,977",73.62
"83","Switzerland","1,608","14,055","4,413,452","CHE","Switzerland","Western Europe",8716,220.6,"Bern",426,"10-Sep-02","41291",98.5,"Swiss Franc (CHF)",0.9,731425,1.1,85135,97,"318415",290325,28090,28094,73.8,"Switzerland","Europe",4.68,4.58,4.58,4.55,4.53,82,11,NA,"Switzerland",19.5,"Switzerland","6,096,911",69.75
"84","Guyana","1,606","1,299","73,387","GUY","Guyana","South America",790,4,"Georgetown",109.9,"20-Sep-66","214969",101.3,"Guyana Dollar (GYD)",208.5,5174,5.4,6609.6,132,"2814",2494,320,-1696,26.7,NA,NA,NA,NA,NA,NA,NA,NA,NA,NA,"Guyana",20.2,"Guyana","495,285",61.24
"85","Seychelles","1,605","172","50,937","SYC","Seychelles","Eastern Africa",99,215,"Victoria",28.1,"21-Sep-76","457",105.1,"Seychelles Rupee (SCR)",21.6,1699,4.7,17381.7,92,"546",1041,-496,-330,57.1,NA,NA,NA,NA,NA,NA,NA,NA,NA,NA,"Seychelles",14,"Seychelles","88,520",82.62
"86","Namibia","1,596","4,098","171,998","NAM","Namibia","Southern Africa",2587,3.1,"Windhoek",417.4,"23-Apr-90","824116",94.1,"Namibia Dollar (NAD)",14.6,12366,-1.1,4957.4,100,"5600",6823,-1223,180,51,NA,NA,NA,NA,NA,NA,NA,NA,NA,NA,"Namibia",17.2,"Namibia","629,473",24.52
"87","Curaçao","1,595","305","45,883","CUW","Curaçao","Caribbean",165,371.2,"Willemstad",144,NA,"444",85.3,"Neth. Ant. Guilder (ANG)c",1.8,3102,-3.4,18980,NA,NA,NA,NA,-539,89.1,NA,NA,NA,NA,NA,NA,NA,NA,NA,NA,NA,NA,"Curaçao","108,601",56.81
"88","Antigua and Barbuda","1,556","146","9,106","ATG","Antigua and Barbuda","Caribbean",99,224.4,"Saint John's",20.8,"11-Nov-81","442",93.4,"E. Caribbean Dollar (XCD)c",2.7,1662,3.4,17112.8,93,"22",401,-380,-113,24.5,NA,NA,NA,NA,NA,NA,NA,NA,NA,NA,"Antigua and Barbuda",18.9,"Antigua and Barbuda","64,290",68.97
"89","Luxembourg","1,544","1,000","384,378","LUX","Luxembourg","Western Europe",635,245.1,"Luxembourg",119.8,"24-Oct-45","2586",102.4,"Euro (EUR)",0.8,71105,2.3,115480.9,111,"13442",20610,-7167,2999,91.2,"Luxembourg","Europe",5.17,5.05,4.93,4.81,4.66,70.7,24.8,NA,"Luxembourg",22.6,"Luxembourg","481,957",74.42
"90","Cyprus","1,522","1,364","660,854","CYP","Cyprus","Western Asia",1216,131.6,"Nicosia",269.5,"20-Sep-60","9251",99.9,"Euro (EUR)",0.8,NA,NA,NA,106,"2741",7504,-4763,-2850,NA,NA,NA,NA,NA,NA,NA,NA,NA,NA,NA,"Cyprus",21.8,"Cyprus","670,969",74.88
"91","Cyprus","1,522","1,364","660,854","CYP","Cyprus","Western Asia",1216,131.6,"Nicosia",269.5,"20-Sep-60","9251",99.9,"Euro (EUR)",0.8,NA,NA,NA,106,"2741",7504,-4763,-2850,NA,NA,NA,NA,NA,NA,NA,NA,NA,NA,NA,"Cyprus",21.8,"Northern Cyprus","301,673",78.8
"92","Caribbean Netherlands","1,515","41","11,922","BES","Bonaire, Sint Eustatius and Saba","Caribbean",26,80.6,"Kralendijk",11.3,NA,NA,NA,"US Dollar (USD)",NA,NA,NA,NA,NA,NA,NA,NA,NA,75,NA,NA,NA,NA,NA,NA,NA,NA,NA,NA,NA,NA,"Caribbean Netherlands","19,109",72.26
"93","Denmark","1,500","8,824","3,417,017","DNK","Denmark","Northern Europe",5813,137,"Copenhagen",1333.9,"24-Oct-45","42934",98.8,"Danish Krone (DKK)",6.1,350104,2.8,60656.9,101,"107224",96791,10433,26023,88,"Denmark","Europe",3.07,2.69,2.53,2.6,2.61,NA,6.7,NA,"Denmark",19.7,"Denmark","4,752,101",80.79
"94","Jersey","1,453","161","66,391","JEY",NA,NA,NA,NA,NA,NA,NA,NA,NA,NA,NA,NA,NA,NA,NA,NA,NA,NA,NA,NA,NA,NA,NA,NA,NA,NA,NA,NA,NA,NA,NA,NA,"Jersey","84,365",76.14
"95","Collectivity of Saint Martin","1,445","46","12,324","MAF",NA,NA,NA,NA,NA,NA,NA,NA,NA,NA,NA,NA,NA,NA,NA,NA,NA,NA,NA,NA,NA,NA,NA,NA,NA,NA,NA,NA,NA,NA,NA,NA,NA,NA,NA
"96","Canada","1,385","53,260","4,712,542","CAN","Canada","Northern America",38068,4.2,"Ottawa",1378.2,"09-Nov-45","9984670",98.6,"Canadian Dollar (CAD)",1.3,1741497,1.9,46550.3,111,NA,NA,NA,-29722,81.5,"Canada","Americas",2.71,2.67,2.61,2.58,2.52,91.6,13.5,NA,"Canada",29.8,"Canada","34,763,194",90.4
"97","Isle of Man","1,372","116","38,008","IMN","Isle of Man","Northern Europe",85,149.8,"Douglas",27.2,NA,"572",NA,"Pound Sterling (GBP)",0.8,NA,NA,NA,NA,NA,NA,NA,NA,52.7,NA,NA,NA,NA,NA,NA,NA,NA,NA,NA,NA,NA,"Isle of Man","69,560",81.44
"98","French Guiana","1,356","413","98,041","GUF","French Guiana","South America",306,3.7,"Cayenne",57.5,NA,"83534",98,"Euro (EUR)",0.8,NA,NA,NA,NA,NA,NA,NA,NA,85.6,NA,NA,NA,NA,NA,NA,NA,NA,NA,NA,NA,NA,NA,NA,NA
"99","Israel","1,343","12,691","4,839,886","ISR","Israel","Western Asia",8790,406.2,"Jerusalemc",919.4,"11-May-49","22072",99.2,"New Israeli Sheqel (ILS)",3.2,395099,3.5,46376.5,95,"49761",70162,-20401,24350,92.5,"Israel","Asia",3.09,3.08,3.03,2.99,3.02,93.3,NA,"","Israel",26.1,"Israel","6,723,119",71.15
"100","United States Virgin Islands","1,326","132","25,389","VIR","United States Virgin Islands","Caribbean",104,297.8,"Charlotte Amalie",52.3,NA,"347",90.4,"US Dollar (USD)",NA,NA,NA,NA,NA,NA,NA,NA,NA,95.8,NA,NA,NA,NA,NA,NA,NA,NA,NA,NA,NA,NA,NA,NA,NA
"101","Netherlands","1,308","22,986","8,618,815","NLD","Netherlands","Western Europe",17173,509.3,"Amsterdamc",1140.3,"10-Dec-45","41543",99.4,"Euro (EUR)",0.8,907051,1.7,53052.8,100,"551598",482764,68834,71062,91.9,"Netherlands","Europe",6.18,NA,6.52,6.44,6.32,55.4,8.4,NA,"Netherlands",20.4,"Netherlands","12,596,446",71.72
"102","Jamaica","1,275","3,606","156,328","JAM","Jamaica","Caribbean",2974,274.6,"Kingston",589.8,"18-Sep-62","10990",98.5,"Jamaican Dollar (JMD)",141.7,15831,0.9,5369.5,105,"1190",4651,-3461,-35,56,NA,NA,NA,NA,NA,NA,NA,NA,NA,NA,"Jamaica",24.7,"Jamaica","859,773",30.41
"103","Albania","1,267","3,604","334,090","ALB","Albania","Southern Europe",2873,104.9,"Tirana",484.6,"14-Dec-55","28748",103.6,"Lek (ALL)",100.8,15278,2.2,5303.2,103,NA,NA,NA,-1318,61.2,NA,NA,NA,NA,NA,NA,NA,NA,NA,NA,"Albania",21.7,"Albania","1,348,396",47.44
"104","Jordan","1,251","14,122","1,746,997","JOR","Jordan","Western Asia",10269,115.7,"Amman",2108.5,"14-Dec-55","89318",102.6,"Jordanian Dinar (JOD)",0.7,44503,2,4405.5,95,"7646",16889,-9242,-1003,91.2,NA,NA,NA,NA,NA,NA,NA,NA,NA,NA,"Jordan",35.5,"Jordan","4,821,579",43.25
"105","Saint Vincent and the Grenadines","1,192","124","9,644","VCT","Saint Vincent and the Grenadines","Caribbean",111,285.3,"Kingstown",26.6,"16-Sep-80","389",102.5,"E. Caribbean Dollar (XCD)c",2.7,825,0.3,7463.5,104,"54",321,-267,-99,52.6,NA,NA,NA,NA,NA,NA,NA,NA,NA,NA,"Saint Vincent and the Grenadines",23.7,"Saint Vincent and the Grenadines","37,527",36.1
"106","Turkey","1,188","101,419","17,004,677","TUR","Turkey","Western Asia",85043,110.5,"Ankara",5018,"24-Oct-45","783562",97.5,"Turkish Lira (TRY)",7.4,761426,0.9,9126.6,111,"169658",219514,-49856,-37315,75.6,"Turkey","Asia",2.65,2.68,2.68,2.75,2.81,68,46.5," 17,000","Turkey",32.1,"Turkey","57,941,051",67.89
"107","Eswatini","1,187","1,427","74,996","SWZ","Eswatini","Southern Africa",1172,68.2,"Mbabanec",68,"24-Sep-68","17363",97,"Lilangeni (SZL)",14.6,4594,1.1,4001.6,101,"2248",2076,172,255,24,NA,NA,NA,NA,NA,NA,NA,NA,NA,NA,"Eswatini",16.5,"Eswatini","526,050",43.78
"108","Guatemala","1,134","20,235","1,271,070","GTM","Guatemala","Central America",18250,170.3,"Guatemala City",2891.2,"21-Nov-45","108889",97.2,"Quetzal (GTQ)",7.8,76710,3.8,4363.1,106,"11658",18198,-6539,4249,51.4,NA,NA,NA,NA,NA,NA,NA,NA,NA,NA,"Guatemala",21.2,"Guatemala","8,933,623",50.07
"109","Malaysia","1,095","37,194","5,129,131","MYS","Malaysia","South-eastern Asia",32776,99.8,"Kuala Lumpurd",7780.3,"17-Sep-57","330621",105.6,"Malaysian Ringgit (MYR)",4,364684,4.3,11414.3,105,"234042",189804,44238,14848,NA,NA,NA,NA,NA,NA,NA,NA,NA,NA,NA,"Malaysia",15.6,"Malaysia","28,132,491",82.89
"110","Palestine","1,087","5,708","703,228","PSE","State of Palestine","Western Asia",5223,867.6,"East Jerusalemd",275.1,NA,"6025",102.9,NA,NA,17059,0.9,3424.5,109,"1130",5750,-4620,-1834,NA,NA,NA,NA,NA,NA,NA,NA,NA,NA,NA,NA,NA,"Palestine","2,012,767",38.34
"111","New Caledonia","1,082","314","80,064","NCL","New Caledonia","Melanesia",288,15.8,"Nouméa",197.8,NA,"19100",100.9,"CFP Franc (XPF)c",97.2,9880,1.6,34941.5,100,"1634",2599,-965,-654,71.1,NA,NA,NA,NA,NA,NA,NA,NA,NA,NA,NA,NA,"New Caledonia","192,375",66.35
"112","Honduras","1,066","11,127","474,587","HND","Honduras","Central America",10063,89.9,"Tegucigalpa",1403.2,"17-Dec-45","112492",99.9,"Lempira (HNL)",24.1,25095,2.7,2574.9,116,"3110",7921,-4811,694,57.7,NA,NA,NA,NA,NA,NA,NA,NA,NA,NA,"Honduras",21.4,"Honduras","6,596,213",63.23
"113","Botswana","1,064","2,800","330,275","BWA","Botswana","Southern Africa",2397,4.2,"Gaborone",269.3,"17-Oct-66","582000",94.2,"Pula (BWP)",10.8,18341,3,7961.4,98,"4256",6503,-2247,-1397,70.2,NA,NA,NA,NA,NA,NA,NA,NA,NA,NA,"Botswana",18.9,"Botswana","1,951,054",74.18
"114","Guernsey","1,057","67","35,326","GGY",NA,NA,NA,NA,NA,NA,NA,NA,NA,NA,NA,NA,NA,NA,NA,NA,NA,NA,NA,NA,NA,NA,NA,NA,NA,NA,NA,NA,NA,NA,NA,NA,"Guernsey","54,223",85.62
"115","Norway","1,049","5,705","1,489,076","NOR","Norway","Northern Europe",5466,15,"Oslo",1026.8,"27-Nov-45","323772",102.3,"Norwegian Krone (NOK)",8.5,403336,1.2,74985.5,102,"82665",81304,1361,7185,NA,"Norway","Europe",3.86,3.84,3.76,3.68,3.6,80.7,8," 800","Norway",23.1,"Norway","4,346,995",79.99
"116","Bahrain","1,043","1,536","696,614","BHR","Bahrain","Western Asia",1748,2300.4,"Manama",600.4,"21-Sep-71","778",184.5,"Bahraini Dinar (BHD)",0.4,38574,1.8,23504,129,"14066",14193,-127,-2435,89.4,NA,NA,NA,NA,NA,NA,NA,NA,NA,NA,NA,NA,"Bahrain","1,241,174",84.31
"117","Dominica","1,017","74","15,760","DMA","Dominica","Caribbean",72,96.2,"Roseau",14.9,"18-Dec-78","750",NA,"E. Caribbean Dollar (XCD)c",2.7,582,3.6,8110.5,99,"14",197,-183,-225,70.8,NA,NA,NA,NA,NA,NA,NA,NA,NA,NA,"Dominica",27.9,"Dominica","32,995",45.57
"118","Oman","1,011","4,628","399,449","OMN","Oman","Western Asia",5223,16.9,"Muscat",1501.6,"07-Oct-71","309980",193.5,"Rial Omani (OMR)",0.4,76332,-0.8,15343.1,133,"29870",21123,8748,-4140,85.4,NA,NA,NA,NA,NA,NA,NA,NA,NA,NA,"Oman",27,"Oman","3,257,365",71.18
"119","Azerbaijan","997","10,332","833,189","AZE","Azerbaijan","Western Asia",10223,123.7,"Baku",2313.1,"02-Mar-92","86600",99.9,"Azerbaijan manat (AZN)",1.7,48048,2.2,4781.9,126,"13741",10730,3011,-228,NA,NA,NA,NA,NA,NA,NA,NA,NA,NA,NA,"Azerbaijan",19.9,"Azerbaijan","5,373,253",52.1
"120","Kazakhstan","983","19,072","1,502,857","KAZ","Kazakhstan","Central Asia",18995,7,"Nur-Sultan",1117.6,"02-Mar-92","2724902",94.4,"Tenge (KZT)",420.9,181667,4.5,9792.6,111,"44929",37855,7074,-6273,57.5,NA,NA,NA,NA,NA,NA,NA,NA,NA,NA,"Kazakhstan",21,"Kazakhstan","10,858,101",55.98
"121","Saint Kitts and Nevis","964","46","6,607","KNA","Saint Kitts and Nevis","Caribbean",54,205.9,"Basseterre",14.4,"23-Sep-83","261",NA,"E. Caribbean Dollar (XCD)c",2.7,1051,2.5,19896.5,92,"53",272,-219,-72,30.8,NA,NA,NA,NA,NA,NA,NA,NA,NA,NA,"Saint Kitts and Nevis",22.9,"Saint Kitts and Nevis","33,794",70.88
"122","Fiji","951","885","69,047","FJI","Fiji","Melanesia",903,49.4,"Suva",178.3,"13-Oct-70","18272",102.5,"Fiji Dollar (FJD)",2,5504,0.5,6185.1,114,"771",1901,-1130,-602,56.8,NA,NA,NA,NA,NA,NA,NA,NA,NA,NA,"Fiji",30.2,"Fiji","712,025",76.58
"123","Réunion","945","921","494,595","REU","Réunion","Eastern Africa",902,360.7,"Saint-Denis",147.2,NA,"2510",93.8,"Euro (EUR)",0.8,NA,NA,NA,NA,NA,NA,NA,NA,99.6,NA,NA,NA,NA,NA,NA,NA,NA,NA,NA,NA,NA,NA,NA,NA
"124","Libya","944","6,437","507,269","LBY","Libya","Northern Africa",6958,4,"Tripoli",1160.9,"14-Dec-55","1676198",101.9,"Libyan Dinar (LYD)",1.4,32600,9.9,4810.1,102,"66843",28468,38375,11276,80.4,NA,NA,NA,NA,NA,NA,NA,NA,NA,NA,"Libya",32.5,"Libya","2,316,327",34
"125","Australia","883","23,129","11,608,166","AUS","Australia","Oceania",25788,3.4,"Canberra",452.5,"01-Nov-45","7692024",99.2,"Australian Dollar (AUD)",1.3,1380208,-0.3,54763.2,89,NA,NA,NA,33829,NA,"Australia","Oceania",3.74,3.79,3.82,3.84,3.84,NA,9.1," 1,314","Australia",29,"Australia","22,236,698",84.95
"126","Turks and Caicos Islands","852","39","6,630","TCA","Turks and Caicos Islands","Caribbean",39,41.3,"Cockburn Town",0.1,NA,"948",NA,"US Dollar (USD)",NA,1197,5.3,31353.5,NA,NA,NA,NA,173,93.4,NA,NA,NA,NA,NA,NA,NA,NA,NA,NA,NA,NA,"Turks and Caicos Islands","32,815",71.76
"127","Northern Mariana Islands","827","41","14,285","MNP","Northern Mariana Islands","Micronesia",58,125.9,"Garapan",4,NA,"457",NA,"US Dollar (USD)",NA,NA,NA,NA,NA,NA,NA,NA,NA,91.7,NA,NA,NA,NA,NA,NA,NA,NA,NA,NA,NA,NA,NA,NA,NA
"128","Mauritius","811","1,054","309,830","MUS","Mauritius","Eastern Africa",1273,627.3,"Port Louis",149.4,"24-Apr-68","1979",97.2,"Mauritius Rupee (MUR)",39.5,14180,3.6,11168.6,94,"1544",4224,-2680,-756,NA,NA,NA,NA,NA,NA,NA,NA,NA,NA,NA,"Mauritius",10.8,"Mauritius","1,123,773",86.48
"129","Sri Lanka","773","16,882","672,589","LKA","Sri Lanka","Southern Asia",21497,342.8,"Colomboc",606.2,"14-Dec-55","65610",92,"Sri Lanka Rupee (LKR)",186.4,84009,2.3,3939.7,106,"10707",15607,-4900,-1808,18.6,NA,NA,NA,NA,NA,NA,NA,NA,NA,NA,"Sri Lanka",5.2,"Sri Lanka","17,143,761",78.53
"130","American Samoa","767","34","8,359","ASM","American Samoa","Polynesia",55,275.5,"Pago Pago",48.5,NA,"199",NA,"US Dollar (USD)",NA,NA,NA,NA,NA,NA,NA,NA,NA,87.1,NA,NA,NA,NA,NA,NA,NA,NA,NA,NA,NA,NA,NA,NA,NA
"131","Cuba","760","8,530","1,115,103","CUB","Cuba","Caribbean",11318,106.3,"Havana",2138.4,"24-Oct-45","109884",98.6,"Cuban Peso (CUP)c",1,105355,2,9295.9,88,NA,NA,NA,NA,77.1,NA,NA,NA,NA,NA,NA,NA,NA,NA,NA,"Cuba",24.6,"Cuba","10,768,788",96.05
"132","Anguilla","755","12","3,904","AIA","Anguilla","Caribbean",15,168.1,"The Valley",1.4,NA,"91",NA,"E. Caribbean Dollar (XCD)c",2.7,380,5.4,25528.6,NA,NA,NA,NA,-136,100,NA,NA,NA,NA,NA,NA,NA,NA,NA,NA,NA,NA,"Anguilla","10,854",68.36
"133","Belarus","746","7,118","994,037","BLR","Belarus","Eastern Europe",9443,46.5,"Minsk",2016.7,"24-Oct-45","207600",87.2,"Belarusian Ruble (BYN)",2.6,63081,1.2,6673.5,101,"29040",32592,-3553,-241,79,NA,NA,NA,NA,NA,NA,NA,NA,NA,NA,"Belarus",24.5,"Belarus","6,527,591",68.46
"134","Taiwan","739","17,672","9,970,937","TWN",NA,NA,NA,NA,NA,NA,NA,NA,NA,NA,NA,NA,NA,NA,NA,NA,NA,NA,NA,NA,NA,NA,NA,NA,NA,NA,NA,NA,NA,NA,NA,NA,"Taiwan","21,899,240",91.65
"135","Cabo Verde","699","415","64,401","CPV","Cabo Verde","Western Africa",562,139.4,"Praia",167.5,"16-Sep-75","4033",100.8,"Cabo Verde Escudo (CVE)",89.8,1982,5.7,3603.8,80,"53",727,-674,-274,66.2,NA,NA,NA,NA,NA,NA,NA,NA,NA,NA,"Cape Verde",11.8,"Cabo Verde","356,734",60.68
"136","South Korea","693","35,934","34,571,873","KOR","Republic of Korea","Eastern Asia",51305,527.7,"Seoul",9962.4,"17-Sep-91","100340",100.2,"South Korean Won (KRW)",1088,1646539,2,32143.1,100,"512710",467498,45212,75276,81.4,"South Korea","Asia",10.92,11.59,11.61,11.98,12.27,NA,10.6," 9,795","South Korea",4.7,"South Korea","44,784,499",86.43
"137","Wallis and Futuna","689","8","3,550","WLF","Wallis and Futuna Islands","Polynesia",11,79.2,"Matu-Utu",1,NA,"142",NA,"CFP Franc (XPF)c",97.2,NA,NA,NA,NA,NA,NA,NA,NA,0,NA,NA,NA,NA,NA,NA,NA,NA,NA,NA,NA,NA,"Wallis and Futuna","7,150",61.66
"138","Mongolia","672","2,284","1,011,116","MNG","Mongolia","Eastern Asia",3329,2.1,"Ulaanbaatar",1552.7,"27-Oct-61","1564116",97,"Tugrik (MNT)",2849.9,13853,4.9,4295.2,140,"7576",5294,2282,-675,68.5,NA,NA,NA,NA,NA,NA,NA,NA,NA,NA,"Mongolia",20.6,"Mongolia","2,272,965",68.27
"139","El Salvador","667","4,230","201,807","SLV","El Salvador","Central America",6518,314.6,"San Salvador",1105.7,"24-Oct-45","21041",87.9,"US Dollar (USD)",NA,27023,2.4,4187.2,100,"5030",10594,-5564,121,72.7,NA,NA,NA,NA,NA,NA,NA,NA,NA,NA,"El Salvador",24.6,"El Salvador","4,652,597",73.69
"140","New Zealand","645","3,347","2,385,438","NZL","New Zealand","Oceania",4861,18.5,"Wellington",413,"24-Oct-45","268107",96.6,"New Zealand Dollar (NZD)",1.4,206936,1.5,43229.3,101,"38877",37098,1779,-1886,86.6,"New Zealand","Oceania",2.78,2.75,2.71,2.73,2.71,NA,4.6," 334","New Zealand",30.8,"New Zealand","4,301,605",82.96
"141","Maldives","603","316","186,694","MDV","Maldives","Southern Asia",544,1812.1,"Male",176.9,"21-Sep-65","300",171.3,"Rufiyaa (MVR)",15.4,5642,7,10626.5,105,"149",1809,-1661,-1119,40.2,NA,NA,NA,NA,NA,NA,NA,NA,NA,NA,"Maldives",8.6,"Maldives","399,308",76.23
"142","Japan","602","74,694","33,803,572","JPN","Japan","Eastern Asia",126051,345.8,"Tokyo",37435.2,"18-Dec-56","377930",95.4,"Yen (JPY)",103.6,5082466,0.7,40063.5,100,"641283",635402,5880,164497,91.7,"Japan","Asia",13.3,13.21,13.17,13.11,13.05,75.5,13.5," 45,293","Japan",4.3,"Japan","104,705,133",84.47
"143","Kuwait","602","2,570","666,333","KWT","Kuwait","Western Asia",4329,242.9,"Kuwait City",3052.5,"14-May-63","17818",158.5,"Kuwaiti Dinar (KWD)",0.3,134624,0.4,31999.3,132,"72958",37506,35452,33811,100,NA,NA,NA,NA,NA,NA,NA,NA,NA,NA,"Kuwait",37.9,"Kuwait","3,457,412",80.99
"144","Indonesia","587","161,918","6,813,429","IDN","Indonesia","South-eastern Asia",276362,152.6,"Jakarta",10638.7,"28-Sep-50","1910931",101.4,"Rupiah (IDR)",14105,1119191,5,4135.6,117,NA,NA,NA,-4341,56,NA,NA,NA,NA,NA,NA,NA,NA,NA,NA,"Indonesia",6.9,"Indonesia","203,845,350",73.99
"145","Philippines","577","66,696","4,113,434","PHL","Philippines","South-eastern Asia",111047,372.4,"Manila",13698.9,"24-Oct-45","300000",100.8,"Philippine Piso (PHP)",48,359354,5.9,3323.8,104,"63901",90692,-26791,12979,47.1,NA,NA,NA,NA,NA,NA,NA,NA,NA,NA,"Philippines",6.4,"Philippines","78,484,848",67.92
"146","Mayotte","573","187","42,027","MYT","Mayotte","Eastern Africa",280,745.4,"Mamoudzou",6.2,NA,NA,96.8,"Euro (EUR)",0.8,NA,NA,NA,NA,NA,NA,NA,NA,45.9,NA,NA,NA,NA,NA,NA,NA,NA,NA,NA,NA,NA,NA,NA,NA
"147","Iraq","570","25,375","2,465,545","IRQ","Iraq","Western Asia",41179,94.8,"Baghdad",6974.4,"21-Dec-45","435052",102.5,"Iraqi Dinar (IQD)",1450,225232,4.4,5729.7,120,"2582",27611,-25029,-6197,70.7,NA,NA,NA,NA,NA,NA,NA,NA,NA,NA,"Iraq",30.4,"Iraq","11,332,925",25.47
"148","Federated States of Micronesia","569","65","26,547","FSM","Micronesia (Federated States of)","Micronesia",116,166.1,"Palikir",7,"17-Sep-91","702",103.4,"US Dollar (USD)",NA,414,1.2,3640.4,102,"34",189,-155,NA,22.8,NA,NA,NA,NA,NA,NA,NA,NA,NA,NA,"Federated States of Micronesia",45.8,NA,NA,NA
"149","Cayman Islands","538","37","31,472","CYM","Cayman Islands","Caribbean",66,277.1,"George Town",34.9,NA,"264",NA,"Cayman Islands Dollar (KYD)",0.8,6020,3.2,92692.4,NA,NA,1337,NA,-582,100,NA,NA,NA,NA,NA,NA,NA,NA,NA,NA,NA,NA,"Cayman Islands","62,023",90.25
"150","Faroe Islands","527","28","34,658","FRO","Faroe Islands","Northern Europe",49,35.1,"Tórshavn",20.8,NA,"1393",NA,"Danish Krone (DKK)",6.1,NA,NA,NA,96,NA,NA,NA,NA,42.2,NA,NA,NA,NA,NA,NA,NA,NA,NA,NA,NA,NA,"Faroe Islands","41,715",85.04
"151","Iceland","498","186","209,142","ISL","Iceland","Northern Europe",343,3.4,"Reykjavik",216.4,"19-Nov-46","103000",101,"Iceland Krona (ISK)",127.2,24188,1.9,71344.6,107,"4560",5671,-1111,244,93.9,"Iceland","Europe",3.22,3.16,3.12,3.13,3.06,NA,9.1,NA,"Iceland",21.9,"Iceland","309,770",84
"152","Palau","497","9","6,241","PLW","Palau","Micronesia",18,39.5,"Melekeok",11.4,"15-Dec-94","459",NA,"US Dollar (USD)",NA,280,0.3,15572.5,NA,NA,NA,NA,-52,80.5,NA,NA,NA,NA,NA,NA,NA,NA,NA,NA,"Palau",55.3,NA,NA,NA
"153","Thailand","480","34,474","4,757,473","THA","Thailand","South-eastern Asia",69951,136.9,"Bangkok",10350.2,"16-Dec-46","513140",94.7,"Baht (THB)",30,542017,2.4,7784.7,101,"219084",188668,30416,16298,50.7,NA,NA,NA,NA,NA,NA,NA,NA,NA,NA,"Thailand",10,"Thailand","57,005,497",79.62
"154","Saint Barthélemy","454","5","5,507","BLM",NA,NA,NA,NA,NA,NA,NA,NA,NA,NA,NA,NA,NA,NA,NA,NA,NA,NA,NA,NA,NA,NA,NA,NA,NA,NA,NA,NA,NA,NA,NA,NA,NA,NA,NA
"155","Vietnam","440","43,206","11,623,698","VNM","Viet Nam","South-eastern Asia",98169,316.6,"Hanoi",4479.6,"20-Sep-77","331236",99.7,"Dong (VND)",23131,261921,7,2715.3,105,"282817",262001,20816,13101,36.6,NA,NA,NA,NA,NA,NA,NA,NA,NA,NA,"Vietnam",2.1,"Vietnam","90,272,853",91.94
"156","Morocco","435","16,297","1,276,812","MAR","Morocco","Northern Africa",37345,83.7,"Rabat",1864.9,"12-Nov-56","446550",98.6,"Moroccan Dirham (MAD)",8.9,NA,NA,NA,111,"26965",43280,-16315,-1633,63,NA,NA,NA,NA,NA,NA,NA,NA,NA,NA,"Morocco",26.1,"Morocco","25,020,168",66.8
"157","Marshall Islands","408","17","16,133","MHL","Marshall Islands","Micronesia",60,331.2,"Majuro",30.7,"17-Sep-91","181",NA,"US Dollar (USD)",NA,237,5.3,4038.2,75,NA,NA,NA,53,77.4,NA,NA,NA,NA,NA,NA,NA,NA,NA,NA,"Marshall Islands",52.9,NA,NA,NA
"158","Nepal","393","12,031","1,003,441","NPL","Nepal","Southern Asia",29675,207,"Kathmandu",1376.1,"14-Dec-55","147181",85.5,"Nepalese Rupee (NPR)",117.8,30715,7,1073.6,113,NA,NA,NA,-65,20.2,NA,NA,NA,NA,NA,NA,NA,NA,NA,NA,"Nepal",4.1,"Nepal","27,804,935",91.02
"159","Dominican Republic","390","4,384","667,073","DOM","Dominican Republic","Caribbean",10954,226.7,"Santo Domingo",3245,"24-Oct-45","48671",99.7,"Dominican Peso (DOP)",58.3,88941,5.1,8282.1,118,NA,NA,NA,-1541,81.8,NA,NA,NA,NA,NA,NA,NA,NA,NA,NA,"Dominican Republic",27.8,"Dominican Republic","7,352,139",65.48
"160","India","375","532,032","44,998,838","IND","India","Southern Asia",1393409,468.7,"New Delhi",29399.1,"30-Oct-45","3287263",108.1,"Indian Rupee (INR)",73,2891582,4.2,2116.2,114,"275489",367980,-92492,33007,34.5,NA,NA,NA,NA,NA,NA,NA,NA,NA,NA,"India",3.9,"India","1,027,418,330",72.5
"161","Greenland","371","21","11,971","GRL","Greenland","Northern America",57,0.1,"Nuuk",18.4,NA,"2166086",NA,"Danish Krone (DKK)",6.1,3024,2.8,53352.6,NA,"748",791,-43,NA,87.1,NA,NA,NA,NA,NA,NA,NA,NA,NA,NA,NA,NA,"Greenland","41,243",72.52
"162","Brunei","363","163","311,449","BRN","Brunei Darussalam","South-eastern Asia",442,83.8,"Bandar Seri Begawan",40.8,"21-Sep-84","5765",107.7,"Brunei Dollar (BND)",1.3,13469,3.9,31086.3,97,"7113",7236,-124,514,77.9,NA,NA,NA,NA,NA,NA,NA,NA,NA,NA,"Brunei",14.1,"Brunei","451,149",100.48
"163","Myanmar","359","19,494","641,280","MMR","Myanmar","South-eastern Asia",54806,83.9,"Nay Pyi Taw",546.5,"19-Apr-48","676577",93,"Kyat (MMK)",1329.1,76785,2.9,1420.7,108,"16929",17964,-1035,68,30.9,NA,NA,NA,NA,NA,NA,NA,NA,NA,NA,NA,NA,"Myanmar","34,777,314",64.64
"164","Sao Tome and Principe","351","80","6,597","STP","Sao Tome and Principe","Middle Africa",223,232.7,"Sao Tome",80.1,"16-Sep-75","964",100.2,"Dobra (STN)",20,422,1.3,1961.2,107,"11",164,-153,-60,73.6,NA,NA,NA,NA,NA,NA,NA,NA,NA,NA,"São Tomé and Príncipe",12.4,"Sao Tome and Principe","140,256",61.68
"165","Zimbabwe","350","5,718","265,753","ZWE","Zimbabwe","Eastern Africa",15092,39,"Harare",1521.3,"25-Aug-80","390757",91.4,"Zimbabwe Dollar (ZWL)",81.8,21441,-8.1,1464,113,"4395",5048,-653,-308,32.2,NA,NA,NA,NA,NA,NA,NA,NA,NA,NA,"Zimbabwe",15.5,"Zimbabwe","6,437,808",40.25
"166","Saint Pierre and Miquelon","339","2","3,426","SPM","Saint Pierre and Miquelon","Northern America",6,25.1,"Saint-Pierre",5.7,NA,"242",NA,"Euro (EUR)",0.8,NA,NA,NA,NA,NA,NA,NA,NA,89.9,NA,NA,NA,NA,NA,NA,NA,NA,NA,NA,NA,NA,NA,NA,NA
"167","Singapore","332","1,872","2,594,809","SGP","Singapore","South-eastern Asia",5897,8423.8,"Singapore",5868.1,"21-Sep-65","725",109.8,"Singapore Dollar (SGD)",1.3,372074,0.7,64102.7,112,"362928",329032,33895,59786,100,NA,NA,NA,NA,NA,NA,NA,NA,NA,NA,"Singapore",6.1,"Singapore","5,160,551",91.55
"168","Lesotho","306","706","34,490","LSO","Lesotho","Southern Africa",2159,71.1,"Maseru",201.9,"17-Oct-66","30355",97.5,"Loti (LSL)",14.6,2460,1.5,1157.5,96,"2250",1500,750,-52,28.6,NA,NA,NA,NA,NA,NA,NA,NA,NA,NA,"Lesotho",16.6,"Lesotho","1,014,073",43.98
"169","Saudi Arabia","264","9,646","841,469","SAU","Saudi Arabia","Western Asia",35341,16.4,"Riyadh",7070.7,"24-Oct-45","2206714",137.1,"Saudi Riyal (SAR)",3.8,792967,0.3,23139.8,132,"168822",131354,37468,-19647,84.1,NA,NA,NA,NA,NA,NA,NA,NA,NA,NA,"Saudi Arabia",35.4,"Saudi Arabia","27,041,364",74.27
"170","Qatar","256","690","514,524","QAT","Qatar","Western Asia",2930,252.4,"Doha",637.3,"21-Sep-71","11627",299.3,"Qatari Rial (QAR)",3.6,183466,-0.2,64781.7,119,"51504",25835,25669,-3617,99.2,NA,NA,NA,NA,NA,NA,NA,NA,NA,NA,"Qatar",35.1,"Qatar","2,852,178",105.83
"171","United Arab Emirates","248","2,349","1,067,030","ARE","United Arab Emirates","Western Asia",9991,119.5,"Abu Dhabi",1452.1,"09-Dec-71","71024",222,"UAE Dirham (AED)d",3.7,421142,1.7,43103.3,112,"376382",198753,177628,NA,86.8,NA,NA,NA,NA,NA,NA,NA,NA,NA,NA,"United Arab Emirates",31.7,"United Arab Emirates","9,991,089",100
"172","Egypt","223","24,830","516,023","EGY","Egypt","Northern Africa",104258,104.7,"Cairo",20485,"24-Oct-45","1002000",102.1,"Egyptian Pound (EGP)",15.7,317359,5.6,3161.3,102,NA,NA,NA,-14236,42.7,NA,NA,NA,NA,NA,NA,NA,NA,NA,NA,"Egypt",32,"Egypt","56,907,319",51.27
"173","Solomon Islands","211","153","21,611","SLB","Solomon Islands","Melanesia",704,25.2,"Honiara",81.8,"19-Sep-78","28896",103.5,"Solomon Is. Dollar (SBD)c",8,1303,1.2,1944.8,105,"680",141,539,-25,24.2,NA,NA,NA,NA,NA,NA,NA,NA,NA,NA,"Solomon Islands",22.5,"Solomon Islands","343,821",47.47
"174","Mauritania","210","997","63,757","MRT","Mauritania","Western Africa",4775,4.6,"Nouakchott",1259,"27-Oct-61","1030700",100.9,"Ouguiya (MRU)",36.7,7594,5.9,1677.9,109,"2700",3937,-1237,-831,54.5,NA,NA,NA,NA,NA,NA,NA,NA,NA,NA,"Mauritania",12.7,"Mauritania","2,103,721",44.42
"175","Venezuela","206","5,856","552,695","VEN","Venezuela (Bolivarian Republic of)","South America",28705,32.5,"Caracas",2935.5,"15-Nov-45","929690",96.7,"Bolívar (VEF)",10,134960,-35,4732.8,91,"2164",414,1750,-3870,88.2,NA,NA,NA,NA,NA,NA,NA,NA,NA,NA,"Venezuela",25.6,"Venezuela","22,157,232",78.29
"176","Zambia","203","4,069","349,287","ZMB","Zambia","Eastern Africa",18921,25.5,"Lusaka",2646.6,"01-Dec-64","752612",98.1,"Zambian Kwacha (ZMW)",21.2,23085,1.4,1292.5,110,"7805",5314,2491,2254,44.1,NA,NA,NA,NA,NA,NA,NA,NA,NA,NA,"Zambia",8.1,"Zambia","11,637,730",58.14
"177","Afghanistan","193","7,950","226,220","AFG","Afghanistan","Southern Asia",39835,61,"Kabul",4114,"19-Nov-46","652864",105.3,"Afghani (AFN)",77.1,17877,4,469.9,111,"1022",9683,-8661,-3137,25.8,NA,NA,NA,NA,NA,NA,NA,NA,NA,NA,"Afghanistan",5.5,"Afghanistan","18,148,121",44.13
"178","Comoros","191","160","9,109","COM","Comoros","Eastern Africa",888,477.4,"Moroni",62.4,"12-Nov-75","2235",101.8,"Comorian Franc (KMF)",400.9,1166,3.2,1370.1,100,"46",178,-133,-37,29.2,NA,NA,NA,NA,NA,NA,NA,NA,NA,NA,"Comoros",7.8,"Comoros","438,825",53.41
"179","Kiribati","182","24","5,085","KIR","Kiribati","Micronesia",121,149.9,"Bairiki",3.2,"14-Sep-99","726",96.8,"Australian Dollar (AUD)",1.3,195,2.3,1656.9,93,"4",123,-119,87,54.8,NA,NA,NA,NA,NA,NA,NA,NA,NA,NA,"Kiribati",46,"Kiribati","100,900",76.88
"180","Cambodia","182","3,056","138,941","KHM","Cambodia","South-eastern Asia",16946,96,"Phnom Penh",2014,"14-Dec-55","181035",95.4,"Riel (KHR)",4076.5,27098,6.8,1643.6,121,"17543",18696,-1153,-3076,23.8,NA,NA,NA,NA,NA,NA,NA,NA,NA,NA,"Cambodia",3.9,"Cambodia","15,307,310",91.29
"181","Macau","174","121","3,514","MAC","China, Macao SAR","Eastern Asia",658,22019.8,"Macao",642.1,NA,"33",92.6,"Pataca (MOP)",8,53859,-4.7,84096.7,82,"1025",11950,-10926,18556,100,NA,NA,NA,NA,NA,NA,NA,NA,NA,NA,NA,NA,"Macau","679,703",97.77
"182","Bangladesh","172","29,477","2,045,734","BGD","Bangladesh","Southern Asia",166304,1277.6,"Dhaka",20283.6,"17-Sep-74","148460",102.1,"Taka (BDT)",84.8,301051,8.2,1846.4,109,"30768",45777,-15009,1082,37.4,NA,NA,NA,NA,NA,NA,NA,NA,NA,NA,"Bangladesh",3.6,"Bangladesh","151,504,341",88.5
"183","Djibouti","168","189","15,690","DJI","Djibouti","Eastern Africa",1002,43.2,"Djibouti",568.8,"20-Sep-77","23200",110.4,"Djibouti Franc (DJF)",177.7,3166,7.7,3252.3,126,NA,NA,NA,448,77.9,NA,NA,NA,NA,NA,NA,NA,NA,NA,NA,"Djibouti",13.5,"Djibouti","372,077",33.2
"184","Kyrgyzstan","154","1,024","88,889","KGZ","Kyrgyzstan","Central Asia",6628,34.6,"Bishkek",1017.2,"02-Mar-92","199949",97.9,"Som (KGS)",82.6,8455,4.5,1317.8,110,"1864",3387,-1523,-1067,36.6,NA,NA,NA,NA,NA,NA,NA,NA,NA,NA,"Kyrgyzstan",16.6,"Kyrgyzstan","1,736,541",26.19
"185","Algeria","153","6,881","271,910","DZA","Algeria","Northern Africa",44617,18.7,"Algiers",2729.3,"08-Oct-62","2381741",102.1,"Algerian Dinar (DZD)",132.1,171158,0.8,3975.5,112,"28986",41678,-12692,-17148,73.2,NA,NA,NA,NA,NA,NA,NA,NA,NA,NA,"Algeria",27.4,"Algeria","7,840,131",17.75
"186","Syria","142","3,163","57,423","SYR","Syrian Arab Republic","Western Asia",18276,99.5,"Damascus",2353.6,"24-Oct-45","185180",100.1,"Syrian Pound (SYP)",1250,20379,4.8,1193.9,118,"400",729,-329,NA,54.8,NA,NA,NA,NA,NA,NA,NA,NA,NA,NA,"Syria",27.8,"Syria","3,295,630",14.9
"187","Samoa","139","31","16,778","WSM","Samoa","Polynesia",200,70.7,"Apia",36.1,"15-Dec-76","2842",107.3,"Tala (WST)",2.5,845,2.3,4285.5,104,"37",313,-276,15,18.1,NA,NA,NA,NA,NA,NA,NA,NA,NA,NA,"Samoa",47.3,"Samoa","191,403",86.07
"188","Gambia","137","372","12,626","GMB","Gambia","Western Africa",2487,245.7,"Banjul",443.4,"21-Sep-65","11295",98.4,"Dalasi (GMD)",51.6,1823,6.1,776.4,92,"26",553,-527,-79,61.9,NA,NA,NA,NA,NA,NA,NA,NA,NA,NA,"Gambia",10.3,"Gambia","934,799",34.55
"189","Malawi","131","2,686","88,986","MWI","Malawi","Eastern Africa",19648,208.4,"Lilongwe",1074.7,"01-Dec-64","117726",97.3,"Malawi Kwacha (MWK)",773.1,8099,5.2,434.8,129,"632",2406,-1775,-1837,17.2,NA,NA,NA,NA,NA,NA,NA,NA,NA,NA,"Malawi",5.8,"Malawi","5,343,858",26.19
"190","Pakistan","129","30,656","1,580,631","PAK","Pakistan","Southern Asia",225200,292.1,"Islamabad",1095.1,"30-Sep-47","796095",106,"Pakistan Rupee (PKR)",159.6,256996,3.3,1186.7,118,"22237",45775,-23538,245,36.9,NA,NA,NA,NA,NA,NA,NA,NA,NA,NA,"Pakistan",8.6,"Pakistan","165,567,890",70.21
"191","Gabon","128","307","48,992","GAB","Gabon","Middle Africa",2279,8.8,"Libreville",823.9,"20-Sep-60","267668",103.6,"CFA Franc, BEAC (XAF)c",534.6,16888,3.6,7773.2,107,NA,NA,NA,NA,89.7,NA,NA,NA,NA,NA,NA,NA,NA,NA,NA,"Gabon",15,"Gabon","311,040",13.02
"192","Cook Islands","117","2","7,158","COK","Cook Islands","Polynesia",18,73.2,"Avarua",13.1,NA,"236",NA,"New Zealand Dollar (NZD)",1.4,379,4.8,21603.5,79,"19",105,-85,NA,75.3,NA,NA,NA,NA,NA,NA,NA,NA,NA,NA,"Cook Islands",55.9,"Cook Islands","15,112",88.73
"193","Senegal","113","1,971","89,022","SEN","Senegal","Western Africa",17196,89.3,"Dakar",3057.1,"28-Sep-60","196712",95.4,"CFA Franc, BCEAO (XOF)d",534.6,23665,5.2,1452.1,153,"3929",7812,-3883,-2215,47.7,NA,NA,NA,NA,NA,NA,NA,NA,NA,NA,"Senegal",8.8,"Senegal","2,684,696",15.5
"194","Tonga","112","12","16,825","TON","Tonga","Polynesia",107,148.3,"Nuku'alofa",22.9,"14-Sep-99","747",100.2,"Pa'anga (TOP)",2.3,508,0.7,4865.5,91,"14",350,-336,-19,23.1,NA,NA,NA,NA,NA,NA,NA,NA,NA,NA,"Tonga",48.2,"Tonga","87,342",81.73
"195","Equatorial Guinea","109","183","17,130","GNQ","Equatorial Guinea","Middle Africa",1450,51.7,"Malabo",296.8,"12-Nov-68","28052",125.4,"CFA Franc, BEAC (XAF)c",534.6,11025,-5.6,8130.4,109,NA,NA,NA,NA,72.6,NA,NA,NA,NA,NA,NA,NA,NA,NA,NA,"Equatorial Guinea",8,"Equatorial Guinea","270,109",16.53
"196","Sudan","107","5,046","63,993","SDN","Sudan","Northern Africa",44909,25.4,"Khartoum",5677.9,"12-Nov-56",NA,99.9,"Sudanese Pound (SDG)",55,34895,1.3,815.1,116,NA,NA,NA,-5215,34.9,NA,NA,NA,NA,NA,NA,NA,NA,NA,NA,"Sudan",6.6,"Sudan","15,207,452",32.44
"197","Rwanda","106","1,468","133,194","RWA","Rwanda","Eastern Africa",13276,538.2,"Kigali",1094.8,"18-Sep-62","26338",96.7,"Rwanda Franc (RWF)",972.5,10355,9.4,820.1,123,"1629",3595,-1966,-1254,17.3,NA,NA,NA,NA,NA,NA,NA,NA,NA,NA,"Rwanda",5.8,"Rwanda","10,572,981",76.75
"198","Kenya","105","5,689","343,955","KEN","Kenya","Eastern Africa",54986,96.6,"Nairobi",4556.4,"16-Dec-63","591958",98.8,"Kenyan Shilling (KES)",109.2,95502,5.4,1816.5,111,"6023",15405,-9382,-5559,27.5,NA,NA,NA,NA,NA,NA,NA,NA,NA,NA,"Kenya",7.1,"Kenya","14,494,372",26.83
"199","Timor-Leste","102","138","23,460","TLS","Timor-Leste","South-eastern Asia",1344,90.4,"Dili",281.1,"27-Sep-02","14919",102.1,"US Dollar (USD)",NA,2018,18.7,1560.5,99,NA,NA,NA,-357,30.9,NA,NA,NA,NA,NA,NA,NA,NA,NA,NA,"Timor-Leste",3.8,"Timor-Leste","884,194",65.92
"200","Laos","89","671","218,870","LAO","Lao People's Democratic Republic","South-eastern Asia",7379,32,"Vientiane",673.1,"14-Dec-55","236800",100.8,"Lao Kip (LAK)",9274,18823,4.7,2625.4,102,"5669",6309,-639,-947,35.6,NA,NA,NA,NA,NA,NA,NA,NA,NA,NA,"Laos",5.3,"Laos","5,888,649",79.31
"201","Tuvalu","88","1","2,943","TUV","Tuvalu","Polynesia",12,397.5,"Funafuti",7,"05-Sep-00","26",NA,"Australian Dollar (AUD)",1.3,47,6.3,4036,103,NA,NA,NA,-9,63.2,NA,NA,NA,NA,NA,NA,NA,NA,NA,NA,"Tuvalu",51.6,"Tuvalu","6,368",53.4
"202","China","85","121,714","99,312,876","CHN","China","Eastern Asia",1444216,153.8,"Beijing",20035.5,"24-Oct-45","9600000",105.2,"Yuan Renminbi (CNY)",6.5,NA,NA,NA,NA,NA,NA,NA,NA,NA,"China","Asia",3.31,3.57,3.82,4.05,4.34,NA,4.52," 145,000 (Invasive Ventilators) 98,000 (Non-Invasive Ventilators)","China",6.2,"China","1,310,292,000",91.89
"203","Guinea-Bissau","84","177","9,614","GNB","Guinea-Bissau","Western Africa",2016,71.7,"Bissau",578.8,"17-Sep-74","36125",95.9,"CFA Franc, BCEAO (XOF)c",534.6,1322,4.5,688.4,107,NA,NA,NA,-127,43.8,NA,NA,NA,NA,NA,NA,NA,NA,NA,NA,"Guinea-Bissau",9.5,"Guinea-Bissau","733,271",34.83
"204","Nauru","78","1","5,393","NRU","Nauru","Micronesia",11,543.6,"Yaren",11.3,"14-Sep-99","21",NA,"Australian Dollar (AUD)",1.3,133,1,12350.9,101,NA,NA,NA,8,100,NA,NA,NA,NA,NA,NA,NA,NA,NA,NA,NA,NA,"Nauru","13,106",103.27
"205","Somalia","77","1,361","27,334","SOM","Somalia","Eastern Africa",16360,26.1,"Mogadishu",2179.9,"20-Sep-60","637657",99.4,"Somali Shilling (SOS)",24300,1626,2.9,105.3,97,NA,NA,NA,NA,45.6,NA,NA,NA,NA,NA,NA,NA,NA,NA,NA,"Somalia",8.3,"Somalia","8,972,167",50.99
"206","Uganda","76","3,632","171,843","UGA","Uganda","Eastern Africa",47124,235.8,"Kampala",3137.7,"25-Oct-62","241550",97.3,"Uganda Shilling (UGX)",3650.1,32609,6.7,736.6,100,"4149",8251,-4102,-2333,24.4,NA,NA,NA,NA,NA,NA,NA,NA,NA,NA,"Uganda",5.3,"Uganda","19,488,104",41.25
"207","Haiti","74","860","34,326","HTI","Haiti","Caribbean",11542,418.8,"Port-au-Prince",2704.2,"24-Oct-45","27750",97.4,"Gourde (HTG)",72.2,8051,-0.9,714.8,92,NA,NA,NA,72,56.2,NA,NA,NA,NA,NA,NA,NA,NA,NA,NA,"Haiti",22.7,"Haiti","521,396",4.5
"208","Cameroon","70","1,974","125,090","CMR","Cameroon","Middle Africa",27224,57.6,"Yaoundé",3822.4,"20-Sep-60","475650",100.1,"CFA Franc, BEAC (XAF)c",534.6,38861,3.9,1501.8,107,"4437",7452,-3014,-1695,57,NA,NA,NA,NA,NA,NA,NA,NA,NA,NA,"Cameroon",11.4,"Cameroon","3,727,930",13.35
"209","Mozambique","68","2,249","233,652","MOZ","Mozambique","Eastern Africa",32163,40.9,"Maputo",1104.3,"16-Sep-75","799380",94.6,"Mozambique Metical (MZN)",74.9,15297,2.3,503.7,125,"6651",10080,-3429,-3813,36.5,NA,NA,NA,NA,NA,NA,NA,NA,NA,NA,"Mozambique",7.2,"Mozambique","22,869,646",69.37
"210","Papua New Guinea","66","670","46,864","PNG","Papua New Guinea","Melanesia",9119,20.1,"Port Moresby",374.5,"10-Oct-75","462840",104.4,"Kina (PGK)",3.5,24970,6.5,2845.2,106,NA,NA,NA,5451,13.2,NA,NA,NA,NA,NA,NA,NA,NA,NA,NA,"Papua New Guinea",21.3,"Papua New Guinea","382,020",3.77
"211","Republic of the Congo","65","389","25,196","COG","Congo","Middle Africa",5657,16.6,"Brazzaville",2308.1,"20-Sep-60","342000",99.9,"CFA Franc, BEAC (XAF)c",534.6,12397,-0.9,2304.1,107,"3046",321,2725,-3594,67.4,NA,NA,NA,NA,NA,NA,NA,NA,NA,NA,"Republic of the Congo",9.6,"Republic of the Congo","695,760",11.92
"212","Yemen","64","2,159","11,945","YEM","Yemen","Western Asia",30491,57.8,"Sana'a",2874.4,"30-Sep-47","527968",101.5,"Yemeni Rial (YER)",250.2,24935,2.1,855.1,98,"~0",5298,-5298,-2419,37.3,NA,NA,NA,NA,NA,NA,NA,NA,NA,NA,"Yemen",17.1,"Yemen","1,041,596",3.09
"213","Ethiopia","61","7,574","501,060","ETH","Ethiopia","Eastern Africa",117876,117.9,"Addis Ababa",4592,"13-Nov-45","1104300",100.1,"Ethiopian Birr (ETB)",39.2,92750,8.3,827.5,108,"2265",4509,-2244,-2719,21.2,NA,NA,NA,NA,NA,NA,NA,NA,NA,NA,"Ethiopia",4.5,"Ethiopia","44,073,766",35.72
"214","Liberia","55","294","7,930","LBR","Liberia","Western Africa",5180,53.8,"Monrovia",1467,"02-Nov-45","111369",101.2,"Liberian Dollar (LRD)",164.2,2582,-2.3,523,92,NA,NA,NA,-653,51.6,NA,NA,NA,NA,NA,NA,NA,NA,NA,NA,"Liberia",9.9,"Liberia","3,825,381",72.14
"215","Angola","54","1,936","105,968","AGO","Angola","Middle Africa",33934,27.2,"Luanda",8044.7,"01-Dec-76","1246700",97.9,"Kwanza (AOA)",656.2,85001,-1.5,2670.9,110,"72235",40991,31244,894,66.2,NA,NA,NA,NA,NA,NA,NA,NA,NA,NA,"Angola",8.2,"Angola","16,406,741",46.1
"216","Madagascar","48","1,425","68,344","MDG","Madagascar","Eastern Africa",28427,48.9,"Antananarivo",3210.4,"20-Sep-60","587041",99.6,"Malagasy Ariary (MGA)",3824.8,14105,4.4,523,104,"2005",2968,-963,-331,37.9,NA,NA,NA,NA,NA,NA,NA,NA,NA,NA,"Madagascar",5.3,"Madagascar","2,700,391",9.12
"217","Ghana","43","1,462","171,653","GHA","Ghana","Western Africa",31732,139.5,"Accra",2475.2,"08-Mar-57","238537",102.8,"Ghana Cedi (GHS)",5.8,66999,6.5,2202.6,118,NA,NA,NA,-1864,56.7,NA,NA,NA,NA,NA,NA,NA,NA,NA,NA,"Ghana",10.9,"Ghana","13,221,421",39.5
"218","Vanuatu","42","14","12,019","VUT","Vanuatu","Melanesia",314,25.8,"Port Vila",52.7,"15-Sep-81","12189",102.7,"Vatu (VUV)",107.7,907,2.8,3023.4,100,"47",256,-209,113,25.4,NA,NA,NA,NA,NA,NA,NA,NA,NA,NA,"Vanuatu",25.2,"Vanuatu","176,624",54.06
"219","Nicaragua","35","245","16,043","NIC","Nicaragua","Central America",6702,55.7,"Managua",1055.5,"24-Oct-45","130374",97.2,"Cordoba Oro (NIO)",34.8,12521,-3.9,1912.9,118,"4965",5424,-459,958,58.8,NA,NA,NA,NA,NA,NA,NA,NA,NA,NA,"Nicaragua",23.7,"Nicaragua","6,260,823",90.1
"220","Guinea","33","468","38,563","GIN","Guinea","Western Africa",13497,54.9,"Conakry",1889.2,"12-Dec-58","245836",94,"Guinean Franc (GNF)",9400.8,12354,5.6,967.4,125,"3167",3389,-222,-315,36.5,NA,NA,NA,NA,NA,NA,NA,NA,NA,NA,"Guinea",7.7,"Guinea","7,679,918",55.41
"221","Mali","32","743","33,152","MLI","Mali","Western Africa",20856,17.1,"Bamako",2529.3,"28-Sep-60","1240192",100.5,"CFA Franc, BCEAO (XOF)c",534.6,17433,6.6,886.8,121,"578",10593,-10015,-836,43.1,NA,NA,NA,NA,NA,NA,NA,NA,NA,NA,"Mali",8.6,"Mali","4,354,292",19.27
"222","Togo","32","290","39,522","TGO","Togo","Western Africa",8478,155.9,"Lomé",1785.3,"20-Sep-60","56785",99.1,"CFA Franc, BCEAO (XOF)c",534.6,7270,5.3,899.5,110,"992",2488,-1496,-55,42.2,NA,NA,NA,NA,NA,NA,NA,NA,NA,NA,"Togo",8.4,"Togo","2,248,264",25.41
"223","Ivory Coast","29","835","88,338","CIV","Côte d’Ivoire","Western Africa",27054,85.1,"Yamoussoukroc",231.1,"20-Sep-60","322462",101.6,"CFA Franc, BCEAO (XOF)d",534.6,58540,6.2,2276.3,114,"12181",10482,1699,-1349,51.2,NA,NA,NA,NA,NA,NA,NA,NA,NA,NA,"Ivory Coast",10.3,"Ivory Coast","13,568,372",48.18
"224","Uzbekistan","29","1,016","174,123","UZB","Uzbekistan","Central Asia",33936,79.8,"Tashkent",2490.3,"02-Mar-92","448969",99.6,"Uzbekistan Sum (UZS)",10483,57921,5.6,1756.2,102,"13281",20020,-6740,-3138,50.4,NA,NA,NA,NA,NA,NA,NA,NA,NA,NA,"Uzbekistan",16.6,"Uzbekistan","21,674,823",62.59
"225","Eritrea","27","103","10,189","ERI","Eritrea","Eastern Africa",3602,35.7,"Asmara",928.8,"28-May-93","121144",100.5,"Nakfa (ERN)",15.1,1982,3.8,566.7,102,NA,NA,NA,NA,40.7,NA,NA,NA,NA,NA,NA,NA,NA,NA,NA,"Eritrea",5,NA,NA,NA
"226","Bhutan","26","21","62,697","BTN","Bhutan","Southern Asia",780,20.5,"Thimphu",203.3,"21-Sep-71","38394",113.7,"Ngultrum (BTN)",73,2564,3.8,3360.6,99,"584",922,-337,-381,41.6,NA,NA,NA,NA,NA,NA,NA,NA,NA,NA,"Bhutan",6.4,"Bhutan","699,116",89.35
"227","Central African Republic","20","113","15,367","CAF","Central African Republic","Middle Africa",4920,7.9,"Bangui",869.6,"20-Sep-60","622984",98.3,"CFA Franc, BEAC (XAF)c",534.6,2220,3,467.9,106,"73",75,-2,NA,41.8,NA,NA,NA,NA,NA,NA,NA,NA,NA,NA,"Central African Republic",7.5,"Central African Republic","2,600,389",46.61
"228","Burkina Faso","17","396","22,056","BFA","Burkina Faso","Western Africa",21497,78.6,"Ouagadougou",2652.7,"20-Sep-60","272967",100,"CFA Franc, BCEAO (XOF)c",534.6,15991,5.7,786.9,107,"3269",4150,-882,-524,30,NA,NA,NA,NA,NA,NA,NA,NA,NA,NA,"Burkina Faso",5.6,"Burkina Faso","6,089,089",26.86
"229","Democratic Republic of the Congo","14","1,468","98,863","COD","Democratic Republic of the Congo","Middle Africa",92378,40.7,"Kinshasa",13743.3,"20-Sep-60","2344858",99.7,"Congolese Franc (CDF)",1971.8,47320,4.4,545.2,110,"14122",6663,7459,-1095,45,NA,NA,NA,NA,NA,NA,NA,NA,NA,NA,"Democratic Republic of the Congo",6.7,"Democratic Republic of the Congo","15,388,889",15.54
"230","Sierra Leone","14","125","7,766","SLE","Sierra Leone","Western Africa",8141,112.8,"Freetown",1168.4,"27-Sep-61","72300",99.7,"Leone (SLL)",10133.4,4122,5.5,527.5,105,"193",1120,-927,-915,42.5,NA,NA,NA,NA,NA,NA,NA,NA,NA,NA,"Sierra Leone",8.7,"Sierra Leone","5,252,127",61.03
"231","Nigeria","14","3,155","286,572","NGA","Nigeria","Western Africa",211401,232.1,"Abuja",3095.1,"07-Oct-60","923768",102.8,"Naira (NGN)",381,474517,2.2,2361.2,107,"91933",108104,-16171,-16976,51.2,NA,NA,NA,NA,NA,NA,NA,NA,NA,NA,"Nigeria",8.9,"Nigeria","92,261,510",42.22
"232","Tanzania","12","846","43,078","TZA","United Republic of Tanzania","Eastern Africa",61498,69.4,"Dodoma",261.6,"14-Dec-61","947303",99.9,"Tanzanian Shilling (TZS)",2298.5,NA,NA,NA,107,"2793",10168,-7375,-1301,NA,NA,NA,NA,NA,NA,NA,NA,NA,NA,NA,"Tanzania",8.4,"Tanzania","34,434,933",52.57
"233","South Sudan","12","138","18,368","SSD","South Sudan","Eastern Africa",11381,18.6,"Juba",385.8,"14-Jul-11","658841",100.2,"S. Sudanese Pound (SSP)c",177.3,4960,0.9,448.4,107,NA,NA,NA,257,19.9,NA,NA,NA,NA,NA,NA,NA,NA,NA,NA,"South Sudan",6.6,"South Sudan","4,287,160",39.28
"234","Tajikistan","12","125","17,786","TJK","Tajikistan","Central Asia",9750,69.7,"Dushanbe",893.8,"02-Mar-92","142600",101.5,"Somoni (TJS)",11.3,8333,7.5,894,159,NA,NA,NA,336,27.3,NA,NA,NA,NA,NA,NA,NA,NA,NA,NA,"Tajikistan",14.2,"Tajikistan","5,282,863",54.18
"235","Benin","12","163","28,036","BEN","Benin","Western Africa",12451,110.4,"Porto-Novoc",285.3,"20-Sep-60","114763",99.8,"CFA Franc, BCEAO (XOF)d",534.6,14403,6.9,1220.5,119,"763",2551,-1788,-581,47.9,NA,NA,NA,NA,NA,NA,NA,NA,NA,NA,"Benin",9.6,"Benin","3,697,190",27.69
"236","Niger","12","315","9,515","NER","Niger","Western Africa",25131,19.8,"Niamey",1251.5,"20-Sep-60","1267000",101.2,"CFA Franc, BCEAO (XOF)c",534.6,12928,5.8,554.6,120,"3068",743,2324,-1572,16.5,NA,NA,NA,NA,NA,NA,NA,NA,NA,NA,"Niger",5.5,"Niger","6,217,508",23.72
"237","Chad","10","194","7,698","TCD","Chad","Middle Africa",16915,13.4,"N'Djamena",1371.5,"20-Sep-60","1284000",99.7,"CFA Franc, BEAC (XAF)c",534.6,11272,3,706.8,118,NA,NA,NA,NA,23.3,NA,NA,NA,NA,NA,NA,NA,NA,NA,NA,"Chad",6.1,"Chad","6,254,729",35.29
"238","Burundi","1","15","54,366","BDI","Burundi","Eastern Africa",12255,477.2,"Gitega",899,"18-Sep-62","27834",98.5,"Burundi Franc (BIF)",1946.4,3002,1.8,260.4,150,"164",878,-713,-363,13.4,NA,NA,NA,NA,NA,NA,NA,NA,NA,NA,"Burundi",5.4,"Burundi","36,909",0.29
"239","North Korea","0","6","1","PRK","Democratic People's Republic of Korea","Eastern Asia",25887,215,"Pyongyang",3060.9,"17-Sep-91","120538",95.7,"North Korean Won (KPW)",103,16331,0.4,639.6,102,NA,NA,NA,NA,62.1,NA,NA,NA,NA,NA,NA,NA,NA,NA,NA,"North Korea",6.8,"North Korea","0",0
"240","Pitcairn Islands",NA,NA,"4","PCN",NA,NA,NA,NA,NA,NA,NA,NA,NA,NA,NA,NA,NA,NA,NA,NA,NA,NA,NA,NA,NA,NA,NA,NA,NA,NA,NA,NA,NA,NA,NA,NA,"Pitcairn Islands","47",100
"241","Falkland Islands",NA,NA,"1,923","FLK","Falkland Islands (Malvinas)","South America",4,0.3,"Stanley",2.3,NA,"12173",NA,"Falkland Islands Pound (FKP)",NA,NA,NA,NA,NA,NA,NA,NA,NA,NA,NA,NA,NA,NA,NA,NA,NA,NA,NA,NA,NA,NA,"Falkland Islands","2,632",75.57
"242","Niue",NA,NA,"887","NIU","Niue","Polynesia",2,6.2,"Alofi",0.7,NA,"260",NA,"New Zealand Dollar (NZD)",1.4,NA,NA,NA,94,NA,NA,NA,NA,45.5,NA,NA,NA,NA,NA,NA,NA,NA,NA,NA,NA,NA,"Niue","1,650",102.23
"243","Turkmenistan",NA,"0","0","TKM","Turkmenistan","Central Asia",6118,13,"Ashgabat",828.1,"02-Mar-92","488100",97,"Turkmen. Manat (TMT)c",3.5,48276,3,8124.5,95,NA,NA,NA,NA,52,NA,NA,NA,NA,NA,NA,NA,NA,NA,NA,"Turkmenistan",18.6,"Turkmenistan","32,240",0.53
"244","Vatican City",NA,"0","26","VAT","Holy See","Southern Europe",1,1845.5,"Vatican City",0.8,NA,"~0",NA,"Euro (EUR)",0.8,NA,NA,NA,NA,NA,NA,NA,NA,100,NA,NA,NA,NA,NA,NA,NA,NA,NA,NA,NA,NA,NA,NA,NA
"245","Tokelau",NA,"0","80","TKL","Tokelau","Polynesia",1,136.8,"Tokelauc",NA,NA,"12",NA,"New Zealand Dollar (NZD)",1.4,NA,NA,NA,106,NA,NA,NA,NA,0,NA,NA,NA,NA,NA,NA,NA,NA,NA,NA,NA,NA,"Tokelau","2,203",116.38
"246","Saint Helena, Ascension and Tristan da Cunha",NA,NA,"2,166","SHN","Saint Helena","Western Africa",6,15.6,"Jamestown",0.6,NA,"309",NA,"Saint Helena Pound (SHP)",NA,NA,NA,NA,NA,NA,NA,NA,NA,NA,NA,NA,NA,NA,NA,NA,NA,NA,NA,NA,NA,NA,"Saint Helena, Ascension and Tristan da Cunha","4,361",71.83
